This is pdfTeX, Version 3.141592653-2.6-1.40.29 (MiKTeX 26.2) (preloaded format=pdflatex 2026.2.26)  29 MAR 2026 16:51
entering extended mode
 restricted \write18 enabled.
 file:line:error style messages enabled.
 %&-line parsing enabled.
**"c:/Users/Mahrez Khan/Downloads/hierarchical clustering_2205091_2205109_2205112/hierarchical clustering.tex"
(c:/Users/Mahrez Khan/Downloads/hierarchical clustering_2205091_2205109_2205112/hierarchical clustering.tex
LaTeX2e <2025-11-01>
L3 programming layer <2026-01-19>
(C:\Users\Mahrez Khan\AppData\Local\Programs\MiKTeX\tex/latex/beamer\beamer.cls
Document Class: beamer 2026/01/22 v3.77 A class for typesetting presentations
(C:\Users\Mahrez Khan\AppData\Local\Programs\MiKTeX\tex/latex/beamer\beamerbasemodes.sty (C:\Users\Mahrez Khan\AppData\Local\Programs\MiKTeX\tex/latex/etoolbox\etoolbox.sty
Package: etoolbox 2025/10/02 v2.5m e-TeX tools for LaTeX (JAW)
\etb@tempcnta=\count275
)
\beamer@tempbox=\box53
\beamer@tempcount=\count276
\c@beamerpauses=\count277
 (C:\Users\Mahrez Khan\AppData\Local\Programs\MiKTeX\tex/latex/beamer\beamerbasedecode.sty
\beamer@slideinframe=\count278
\beamer@minimum=\count279
\beamer@decode@box=\box54
)
\beamer@commentbox=\box55
\beamer@modecount=\count280
) (C:\Users\Mahrez Khan\AppData\Local\Programs\MiKTeX\tex/generic/iftex\iftex.sty
Package: iftex 2024/12/12 v1.0g TeX engine tests
)
\headdp=\dimen148
\footheight=\dimen149
\sidebarheight=\dimen150
\beamer@tempdim=\dimen151
\beamer@finalheight=\dimen152
\beamer@animht=\dimen153
\beamer@animdp=\dimen154
\beamer@animwd=\dimen155
\beamer@leftmargin=\dimen156
\beamer@rightmargin=\dimen157
\beamer@leftsidebar=\dimen158
\beamer@rightsidebar=\dimen159
\beamer@boxsize=\dimen160
\beamer@vboxoffset=\dimen161
\beamer@descdefault=\dimen162
\beamer@descriptionwidth=\dimen163
\beamer@lastskip=\skip49
\beamer@areabox=\box56
\beamer@animcurrent=\box57
\beamer@animshowbox=\box58
\beamer@sectionbox=\box59
\beamer@logobox=\box60
\beamer@linebox=\box61
\beamer@sectioncount=\count281
\beamer@subsubsectionmax=\count282
\beamer@subsectionmax=\count283
\beamer@sectionmax=\count284
\beamer@totalheads=\count285
\beamer@headcounter=\count286
\beamer@partstartpage=\count287
\beamer@sectionstartpage=\count288
\beamer@subsectionstartpage=\count289
\beamer@animationtempa=\count290
\beamer@animationtempb=\count291
\beamer@xpos=\count292
\beamer@ypos=\count293
\beamer@ypos@offset=\count294
\beamer@showpartnumber=\count295
\beamer@currentsubsection=\count296
\beamer@coveringdepth=\count297
\beamer@sectionadjust=\count298
\beamer@toclastsection=\count299
\beamer@tocsectionnumber=\count300
 (C:\Users\Mahrez Khan\AppData\Local\Programs\MiKTeX\tex/latex/beamer\beamerbaseoptions.sty (C:\Users\Mahrez Khan\AppData\Local\Programs\MiKTeX\tex/latex/graphics\keyval.sty
Package: keyval 2022/05/29 v1.15 key=value parser (DPC)
\KV@toks@=\toks17
))
\beamer@paperwidth=\skip50
\beamer@paperheight=\skip51
 (C:\Users\Mahrez Khan\AppData\Local\Programs\MiKTeX\tex/latex/geometry\geometry.sty
Package: geometry 2020/01/02 v5.9 Page Geometry
 (C:\Users\Mahrez Khan\AppData\Local\Programs\MiKTeX\tex/generic/iftex\ifvtex.sty
Package: ifvtex 2019/10/25 v1.7 ifvtex legacy package. Use iftex instead.
)
\Gm@cnth=\count301
\Gm@cntv=\count302
\c@Gm@tempcnt=\count303
\Gm@bindingoffset=\dimen164
\Gm@wd@mp=\dimen165
\Gm@odd@mp=\dimen166
\Gm@even@mp=\dimen167
\Gm@layoutwidth=\dimen168
\Gm@layoutheight=\dimen169
\Gm@layouthoffset=\dimen170
\Gm@layoutvoffset=\dimen171
\Gm@dimlist=\toks18
 (C:\Users\Mahrez Khan\AppData\Local\Programs\MiKTeX\tex/latex/geometry\geometry.cfg)) (C:\Users\Mahrez Khan\AppData\Local\Programs\MiKTeX\tex/latex/pgf/math\pgfmath.sty (C:\Users\Mahrez Khan\AppData\Local\Programs\MiKTeX\tex/latex/pgf/utilities\pgfrcs.sty (C:\Users\Mahrez Khan\AppData\Local\Programs\MiKTeX\tex/generic/pgf/utilities\pgfutil-common.tex
\pgfutil@everybye=\toks19
\pgfutil@tempdima=\dimen172
\pgfutil@tempdimb=\dimen173
) (C:\Users\Mahrez Khan\AppData\Local\Programs\MiKTeX\tex/generic/pgf/utilities\pgfutil-latex.def
\pgfutil@abb=\box62
) (C:\Users\Mahrez Khan\AppData\Local\Programs\MiKTeX\tex/generic/pgf/utilities\pgfrcs.code.tex (C:\Users\Mahrez Khan\AppData\Local\Programs\MiKTeX\tex/generic/pgf\pgf.revision.tex)
Package: pgfrcs 2025-08-29 v3.1.11a (3.1.11a)
)) (C:\Users\Mahrez Khan\AppData\Local\Programs\MiKTeX\tex/latex/pgf/utilities\pgfkeys.sty (C:\Users\Mahrez Khan\AppData\Local\Programs\MiKTeX\tex/generic/pgf/utilities\pgfkeys.code.tex
\pgfkeys@pathtoks=\toks20
\pgfkeys@temptoks=\toks21
 (C:\Users\Mahrez Khan\AppData\Local\Programs\MiKTeX\tex/generic/pgf/utilities\pgfkeyslibraryfiltered.code.tex
\pgfkeys@tmptoks=\toks22
))) (C:\Users\Mahrez Khan\AppData\Local\Programs\MiKTeX\tex/generic/pgf/math\pgfmath.code.tex (C:\Users\Mahrez Khan\AppData\Local\Programs\MiKTeX\tex/generic/pgf/math\pgfmathutil.code.tex
\pgf@x=\dimen174
\pgf@xa=\dimen175
\pgf@xb=\dimen176
\pgf@xc=\dimen177
\pgf@y=\dimen178
\pgf@ya=\dimen179
\pgf@yb=\dimen180
\pgf@yc=\dimen181
\c@pgf@counta=\count304
\c@pgf@countb=\count305
\c@pgf@countc=\count306
\c@pgf@countd=\count307
) (C:\Users\Mahrez Khan\AppData\Local\Programs\MiKTeX\tex/generic/pgf/math\pgfmathparser.code.tex
\pgfmath@dimen=\dimen182
\pgfmath@count=\count308
\pgfmath@box=\box63
\pgfmath@toks=\toks23
\pgfmath@stack@operand=\toks24
\pgfmath@stack@operation=\toks25
) (C:\Users\Mahrez Khan\AppData\Local\Programs\MiKTeX\tex/generic/pgf/math\pgfmathfunctions.code.tex) (C:\Users\Mahrez Khan\AppData\Local\Programs\MiKTeX\tex/generic/pgf/math\pgfmathfunctions.basic.code.tex) (C:\Users\Mahrez Khan\AppData\Local\Programs\MiKTeX\tex/generic/pgf/math\pgfmathfunctions.trigonometric.code.tex) (C:\Users\Mahrez Khan\AppData\Local\Programs\MiKTeX\tex/generic/pgf/math\pgfmathfunctions.random.code.tex) (C:\Users\Mahrez Khan\AppData\Local\Programs\MiKTeX\tex/generic/pgf/math\pgfmathfunctions.comparison.code.tex) (C:\Users\Mahrez Khan\AppData\Local\Programs\MiKTeX\tex/generic/pgf/math\pgfmathfunctions.base.code.tex) (C:\Users\Mahrez Khan\AppData\Local\Programs\MiKTeX\tex/generic/pgf/math\pgfmathfunctions.round.code.tex) (C:\Users\Mahrez Khan\AppData\Local\Programs\MiKTeX\tex/generic/pgf/math\pgfmathfunctions.misc.code.tex) (C:\Users\Mahrez Khan\AppData\Local\Programs\MiKTeX\tex/generic/pgf/math\pgfmathfunctions.integerarithmetics.code.tex) (C:\Users\Mahrez Khan\AppData\Local\Programs\MiKTeX\tex/generic/pgf/math\pgfmathcalc.code.tex) (C:\Users\Mahrez Khan\AppData\Local\Programs\MiKTeX\tex/generic/pgf/math\pgfmathfloat.code.tex
\c@pgfmathroundto@lastzeros=\count309
))) (C:\Users\Mahrez Khan\AppData\Local\Programs\MiKTeX\tex/latex/base\size11.clo
File: size11.clo 2025/01/22 v1.4n Standard LaTeX file (size option)
) (C:\Users\Mahrez Khan\AppData\Local\Programs\MiKTeX\tex/latex/pgf/basiclayer\pgfcore.sty (C:\Users\Mahrez Khan\AppData\Local\Programs\MiKTeX\tex/latex/graphics\graphicx.sty
Package: graphicx 2024/12/31 v1.2e Enhanced LaTeX Graphics (DPC,SPQR)
 (C:\Users\Mahrez Khan\AppData\Local\Programs\MiKTeX\tex/latex/graphics\graphics.sty
Package: graphics 2024/08/06 v1.4g Standard LaTeX Graphics (DPC,SPQR)
 (C:\Users\Mahrez Khan\AppData\Local\Programs\MiKTeX\tex/latex/graphics\trig.sty
Package: trig 2023/12/02 v1.11 sin cos tan (DPC)
) (C:\Users\Mahrez Khan\AppData\Local\Programs\MiKTeX\tex/latex/graphics-cfg\graphics.cfg
File: graphics.cfg 2016/06/04 v1.11 sample graphics configuration
)
Package graphics Info: Driver file: pdftex.def on input line 106.
 (C:\Users\Mahrez Khan\AppData\Local\Programs\MiKTeX\tex/latex/graphics-def\pdftex.def
File: pdftex.def 2025/09/29 v1.2d Graphics/color driver for pdftex
))
\Gin@req@height=\dimen183
\Gin@req@width=\dimen184
) (C:\Users\Mahrez Khan\AppData\Local\Programs\MiKTeX\tex/latex/pgf/systemlayer\pgfsys.sty (C:\Users\Mahrez Khan\AppData\Local\Programs\MiKTeX\tex/generic/pgf/systemlayer\pgfsys.code.tex
Package: pgfsys 2025-08-29 v3.1.11a (3.1.11a)
\pgf@x=\dimen185
\pgf@y=\dimen186
\pgf@xa=\dimen187
\pgf@ya=\dimen188
\pgf@xb=\dimen189
\pgf@yb=\dimen190
\pgf@xc=\dimen191
\pgf@yc=\dimen192
\pgf@xd=\dimen193
\pgf@yd=\dimen194
\w@pgf@writea=\write3
\r@pgf@reada=\read2
\c@pgf@counta=\count310
\c@pgf@countb=\count311
\c@pgf@countc=\count312
\c@pgf@countd=\count313
\t@pgf@toka=\toks26
\t@pgf@tokb=\toks27
\t@pgf@tokc=\toks28
\pgf@sys@id@count=\count314
 (C:\Users\Mahrez Khan\AppData\Local\Programs\MiKTeX\tex/generic/pgf/systemlayer\pgf.cfg
File: pgf.cfg 2025-08-29 v3.1.11a (3.1.11a)
)
Driver file for pgf: pgfsys-pdftex.def
 (C:\Users\Mahrez Khan\AppData\Local\Programs\MiKTeX\tex/generic/pgf/systemlayer\pgfsys-pdftex.def
File: pgfsys-pdftex.def 2025-08-29 v3.1.11a (3.1.11a)
 (C:\Users\Mahrez Khan\AppData\Local\Programs\MiKTeX\tex/generic/pgf/systemlayer\pgfsys-common-pdf.def
File: pgfsys-common-pdf.def 2025-08-29 v3.1.11a (3.1.11a)
))) (C:\Users\Mahrez Khan\AppData\Local\Programs\MiKTeX\tex/generic/pgf/systemlayer\pgfsyssoftpath.code.tex
File: pgfsyssoftpath.code.tex 2025-08-29 v3.1.11a (3.1.11a)
\pgfsyssoftpath@smallbuffer@items=\count315
\pgfsyssoftpath@bigbuffer@items=\count316
) (C:\Users\Mahrez Khan\AppData\Local\Programs\MiKTeX\tex/generic/pgf/systemlayer\pgfsysprotocol.code.tex
File: pgfsysprotocol.code.tex 2025-08-29 v3.1.11a (3.1.11a)
)) (C:\Users\Mahrez Khan\AppData\Local\Programs\MiKTeX\tex/latex/xcolor\xcolor.sty
Package: xcolor 2024/09/29 v3.02 LaTeX color extensions (UK)
 (C:\Users\Mahrez Khan\AppData\Local\Programs\MiKTeX\tex/latex/graphics-cfg\color.cfg
File: color.cfg 2016/01/02 v1.6 sample color configuration
)
Package xcolor Info: Driver file: pdftex.def on input line 274.
 (C:\Users\Mahrez Khan\AppData\Local\Programs\MiKTeX\tex/latex/graphics\mathcolor.ltx)
Package xcolor Info: Model `cmy' substituted by `cmy0' on input line 1349.
Package xcolor Info: Model `hsb' substituted by `rgb' on input line 1353.
Package xcolor Info: Model `RGB' extended on input line 1365.
Package xcolor Info: Model `HTML' substituted by `rgb' on input line 1367.
Package xcolor Info: Model `Hsb' substituted by `hsb' on input line 1368.
Package xcolor Info: Model `tHsb' substituted by `hsb' on input line 1369.
Package xcolor Info: Model `HSB' substituted by `hsb' on input line 1370.
Package xcolor Info: Model `Gray' substituted by `gray' on input line 1371.
Package xcolor Info: Model `wave' substituted by `hsb' on input line 1372.
) (C:\Users\Mahrez Khan\AppData\Local\Programs\MiKTeX\tex/latex/colortbl\colortbl.sty
Package: colortbl 2024/10/29 v1.0k Color table columns (DPC)
 (C:\Users\Mahrez Khan\AppData\Local\Programs\MiKTeX\tex/latex/tools\array.sty
Package: array 2025/09/25 v2.6n Tabular extension package (FMi)
\col@sep=\dimen195
\ar@mcellbox=\box64
\extrarowheight=\dimen196
\NC@list=\toks29
\extratabsurround=\skip52
\backup@length=\skip53
\ar@cellbox=\box65
)
\everycr=\toks30
\minrowclearance=\skip54
\rownum=\count317
) (C:\Users\Mahrez Khan\AppData\Local\Programs\MiKTeX\tex/generic/pgf/basiclayer\pgfcore.code.tex
Package: pgfcore 2025-08-29 v3.1.11a (3.1.11a)
 (C:\Users\Mahrez Khan\AppData\Local\Programs\MiKTeX\tex/generic/pgf/math\pgfint.code.tex) (C:\Users\Mahrez Khan\AppData\Local\Programs\MiKTeX\tex/generic/pgf/basiclayer\pgfcorepoints.code.tex
File: pgfcorepoints.code.tex 2025-08-29 v3.1.11a (3.1.11a)
\pgf@picminx=\dimen197
\pgf@picmaxx=\dimen198
\pgf@picminy=\dimen199
\pgf@picmaxy=\dimen256
\pgf@pathminx=\dimen257
\pgf@pathmaxx=\dimen258
\pgf@pathminy=\dimen259
\pgf@pathmaxy=\dimen260
\pgf@xx=\dimen261
\pgf@xy=\dimen262
\pgf@yx=\dimen263
\pgf@yy=\dimen264
\pgf@zx=\dimen265
\pgf@zy=\dimen266
) (C:\Users\Mahrez Khan\AppData\Local\Programs\MiKTeX\tex/generic/pgf/basiclayer\pgfcorepathconstruct.code.tex
File: pgfcorepathconstruct.code.tex 2025-08-29 v3.1.11a (3.1.11a)
\pgf@path@lastx=\dimen267
\pgf@path@lasty=\dimen268
) (C:\Users\Mahrez Khan\AppData\Local\Programs\MiKTeX\tex/generic/pgf/basiclayer\pgfcorepathusage.code.tex
File: pgfcorepathusage.code.tex 2025-08-29 v3.1.11a (3.1.11a)
\pgf@shorten@end@additional=\dimen269
\pgf@shorten@start@additional=\dimen270
) (C:\Users\Mahrez Khan\AppData\Local\Programs\MiKTeX\tex/generic/pgf/basiclayer\pgfcorescopes.code.tex
File: pgfcorescopes.code.tex 2025-08-29 v3.1.11a (3.1.11a)
\pgfpic=\box66
\pgf@hbox=\box67
\pgf@layerbox@main=\box68
\pgf@picture@serial@count=\count318
) (C:\Users\Mahrez Khan\AppData\Local\Programs\MiKTeX\tex/generic/pgf/basiclayer\pgfcoregraphicstate.code.tex
File: pgfcoregraphicstate.code.tex 2025-08-29 v3.1.11a (3.1.11a)
\pgflinewidth=\dimen271
) (C:\Users\Mahrez Khan\AppData\Local\Programs\MiKTeX\tex/generic/pgf/basiclayer\pgfcoretransformations.code.tex
File: pgfcoretransformations.code.tex 2025-08-29 v3.1.11a (3.1.11a)
\pgf@pt@x=\dimen272
\pgf@pt@y=\dimen273
\pgf@pt@temp=\dimen274
) (C:\Users\Mahrez Khan\AppData\Local\Programs\MiKTeX\tex/generic/pgf/basiclayer\pgfcorequick.code.tex
File: pgfcorequick.code.tex 2025-08-29 v3.1.11a (3.1.11a)
) (C:\Users\Mahrez Khan\AppData\Local\Programs\MiKTeX\tex/generic/pgf/basiclayer\pgfcoreobjects.code.tex
File: pgfcoreobjects.code.tex 2025-08-29 v3.1.11a (3.1.11a)
) (C:\Users\Mahrez Khan\AppData\Local\Programs\MiKTeX\tex/generic/pgf/basiclayer\pgfcorepathprocessing.code.tex
File: pgfcorepathprocessing.code.tex 2025-08-29 v3.1.11a (3.1.11a)
) (C:\Users\Mahrez Khan\AppData\Local\Programs\MiKTeX\tex/generic/pgf/basiclayer\pgfcorearrows.code.tex
File: pgfcorearrows.code.tex 2025-08-29 v3.1.11a (3.1.11a)
\pgfarrowsep=\dimen275
) (C:\Users\Mahrez Khan\AppData\Local\Programs\MiKTeX\tex/generic/pgf/basiclayer\pgfcoreshade.code.tex
File: pgfcoreshade.code.tex 2025-08-29 v3.1.11a (3.1.11a)
\pgf@max=\dimen276
\pgf@sys@shading@range@num=\count319
\pgf@shadingcount=\count320
) (C:\Users\Mahrez Khan\AppData\Local\Programs\MiKTeX\tex/generic/pgf/basiclayer\pgfcoreimage.code.tex
File: pgfcoreimage.code.tex 2025-08-29 v3.1.11a (3.1.11a)
) (C:\Users\Mahrez Khan\AppData\Local\Programs\MiKTeX\tex/generic/pgf/basiclayer\pgfcoreexternal.code.tex
File: pgfcoreexternal.code.tex 2025-08-29 v3.1.11a (3.1.11a)
\pgfexternal@startupbox=\box69
) (C:\Users\Mahrez Khan\AppData\Local\Programs\MiKTeX\tex/generic/pgf/basiclayer\pgfcorelayers.code.tex
File: pgfcorelayers.code.tex 2025-08-29 v3.1.11a (3.1.11a)
) (C:\Users\Mahrez Khan\AppData\Local\Programs\MiKTeX\tex/generic/pgf/basiclayer\pgfcoretransparency.code.tex
File: pgfcoretransparency.code.tex 2025-08-29 v3.1.11a (3.1.11a)
) (C:\Users\Mahrez Khan\AppData\Local\Programs\MiKTeX\tex/generic/pgf/basiclayer\pgfcorepatterns.code.tex
File: pgfcorepatterns.code.tex 2025-08-29 v3.1.11a (3.1.11a)
) (C:\Users\Mahrez Khan\AppData\Local\Programs\MiKTeX\tex/generic/pgf/basiclayer\pgfcorerdf.code.tex
File: pgfcorerdf.code.tex 2025-08-29 v3.1.11a (3.1.11a)
))) (C:\Users\Mahrez Khan\AppData\Local\Programs\MiKTeX\tex/latex/pgf/utilities\xxcolor.sty
Package: xxcolor 2003/10/24 ver 0.1
\XC@nummixins=\count321
\XC@countmixins=\count322
) (C:\Users\Mahrez Khan\AppData\Local\Programs\MiKTeX\tex/latex/base\atbegshi-ltx.sty
Package: atbegshi-ltx 2021/01/10 v1.0c Emulation of the original atbegshi
package with kernel methods
) (C:\Users\Mahrez Khan\AppData\Local\Programs\MiKTeX\tex/latex/hyperref\hyperref.sty
Package: hyperref 2026-01-29 v7.01p Hypertext links for LaTeX
 (C:\Users\Mahrez Khan\AppData\Local\Programs\MiKTeX\tex/latex/kvsetkeys\kvsetkeys.sty
Package: kvsetkeys 2022-10-05 v1.19 Key value parser (HO)
) (C:\Users\Mahrez Khan\AppData\Local\Programs\MiKTeX\tex/generic/kvdefinekeys\kvdefinekeys.sty
Package: kvdefinekeys 2019-12-19 v1.6 Define keys (HO)
) (C:\Users\Mahrez Khan\AppData\Local\Programs\MiKTeX\tex/generic/pdfescape\pdfescape.sty
Package: pdfescape 2019/12/09 v1.15 Implements pdfTeX's escape features (HO)
 (C:\Users\Mahrez Khan\AppData\Local\Programs\MiKTeX\tex/generic/ltxcmds\ltxcmds.sty
Package: ltxcmds 2023-12-04 v1.26 LaTeX kernel commands for general use (HO)
) (C:\Users\Mahrez Khan\AppData\Local\Programs\MiKTeX\tex/generic/pdftexcmds\pdftexcmds.sty
Package: pdftexcmds 2020-06-27 v0.33 Utility functions of pdfTeX for LuaTeX (HO)
 (C:\Users\Mahrez Khan\AppData\Local\Programs\MiKTeX\tex/generic/infwarerr\infwarerr.sty
Package: infwarerr 2019/12/03 v1.5 Providing info/warning/error messages (HO)
)
Package pdftexcmds Info: \pdf@primitive is available.
Package pdftexcmds Info: \pdf@ifprimitive is available.
Package pdftexcmds Info: \pdfdraftmode found.
)) (C:\Users\Mahrez Khan\AppData\Local\Programs\MiKTeX\tex/latex/hycolor\hycolor.sty
Package: hycolor 2020-01-27 v1.10 Color options for hyperref/bookmark (HO)
) (C:\Users\Mahrez Khan\AppData\Local\Programs\MiKTeX\tex/latex/hyperref\nameref.sty
Package: nameref 2026-01-29 v2.58 Cross-referencing by name of section
 (C:\Users\Mahrez Khan\AppData\Local\Programs\MiKTeX\tex/latex/refcount\refcount.sty
Package: refcount 2019/12/15 v3.6 Data extraction from label references (HO)
) (C:\Users\Mahrez Khan\AppData\Local\Programs\MiKTeX\tex/generic/gettitlestring\gettitlestring.sty
Package: gettitlestring 2019/12/15 v1.6 Cleanup title references (HO)
 (C:\Users\Mahrez Khan\AppData\Local\Programs\MiKTeX\tex/latex/kvoptions\kvoptions.sty
Package: kvoptions 2022-06-15 v3.15 Key value format for package options (HO)
))
\c@section@level=\count323
) (C:\Users\Mahrez Khan\AppData\Local\Programs\MiKTeX\tex/generic/stringenc\stringenc.sty
Package: stringenc 2019/11/29 v1.12 Convert strings between diff. encodings (HO)
)
\@linkdim=\dimen277
\Hy@linkcounter=\count324
\Hy@pagecounter=\count325
 (C:\Users\Mahrez Khan\AppData\Local\Programs\MiKTeX\tex/latex/hyperref\pd1enc.def
File: pd1enc.def 2026-01-29 v7.01p Hyperref: PDFDocEncoding definition (HO)
Now handling font encoding PD1 ...
... no UTF-8 mapping file for font encoding PD1
) (C:\Users\Mahrez Khan\AppData\Local\Programs\MiKTeX\tex/generic/intcalc\intcalc.sty
Package: intcalc 2019/12/15 v1.3 Expandable calculations with integers (HO)
)
\Hy@SavedSpaceFactor=\count326
 (C:\Users\Mahrez Khan\AppData\Local\Programs\MiKTeX\tex/latex/hyperref\puenc.def
File: puenc.def 2026-01-29 v7.01p Hyperref: PDF Unicode definition (HO)
Now handling font encoding PU ...
... no UTF-8 mapping file for font encoding PU
)
Package hyperref Info: Option `bookmarks' set `true' on input line 4072.
Package hyperref Info: Option `bookmarksopen' set `true' on input line 4072.
Package hyperref Info: Option `implicit' set `false' on input line 4072.
Package hyperref Info: Hyper figures OFF on input line 4201.
Package hyperref Info: Link nesting OFF on input line 4206.
Package hyperref Info: Hyper index ON on input line 4209.
Package hyperref Info: Plain pages OFF on input line 4216.
Package hyperref Info: Backreferencing OFF on input line 4221.
Package hyperref Info: Implicit mode OFF; no redefinition of LaTeX internals.
Package hyperref Info: Bookmarks ON on input line 4468.
\c@Hy@tempcnt=\count327
 (C:\Users\Mahrez Khan\AppData\Local\Programs\MiKTeX\tex/latex/url\url.sty
\Urlmuskip=\muskip17
Package: url 2013/09/16  ver 3.4  Verb mode for urls, etc.
)
LaTeX Info: Redefining \url on input line 4807.
\XeTeXLinkMargin=\dimen278
 (C:\Users\Mahrez Khan\AppData\Local\Programs\MiKTeX\tex/generic/bitset\bitset.sty
Package: bitset 2019/12/09 v1.3 Handle bit-vector datatype (HO)
 (C:\Users\Mahrez Khan\AppData\Local\Programs\MiKTeX\tex/generic/bigintcalc\bigintcalc.sty
Package: bigintcalc 2019/12/15 v1.5 Expandable calculations on big integers (HO)
))
\Fld@menulength=\count328
\Field@Width=\dimen279
\Fld@charsize=\dimen280
Package hyperref Info: Hyper figures OFF on input line 6084.
Package hyperref Info: Link nesting OFF on input line 6089.
Package hyperref Info: Hyper index ON on input line 6092.
Package hyperref Info: backreferencing OFF on input line 6099.
Package hyperref Info: Link coloring OFF on input line 6104.
Package hyperref Info: Link coloring with OCG OFF on input line 6109.
Package hyperref Info: PDF/A mode OFF on input line 6114.
\Hy@abspage=\count329


Package hyperref Message: Stopped early.

)
Package hyperref Info: Driver (autodetected): hpdftex.
 (C:\Users\Mahrez Khan\AppData\Local\Programs\MiKTeX\tex/latex/hyperref\hpdftex.def
File: hpdftex.def 2026-01-29 v7.01p Hyperref driver for pdfTeX
\Fld@listcount=\count330
\c@bookmark@seq@number=\count331
 (C:\Users\Mahrez Khan\AppData\Local\Programs\MiKTeX\tex/latex/rerunfilecheck\rerunfilecheck.sty
Package: rerunfilecheck 2025-06-21 v1.11 Rerun checks for auxiliary files (HO)
 (C:\Users\Mahrez Khan\AppData\Local\Programs\MiKTeX\tex/generic/uniquecounter\uniquecounter.sty
Package: uniquecounter 2019/12/15 v1.4 Provide unlimited unique counter (HO)
)
Package uniquecounter Info: New unique counter `rerunfilecheck' on input line 284.
)) (C:\Users\Mahrez Khan\AppData\Local\Programs\MiKTeX\tex/latex/beamer\beamerbaserequires.sty (C:\Users\Mahrez Khan\AppData\Local\Programs\MiKTeX\tex/latex/beamer\beamerbasecompatibility.sty) (C:\Users\Mahrez Khan\AppData\Local\Programs\MiKTeX\tex/latex/beamer\beamerbasefont.sty (C:\Users\Mahrez Khan\AppData\Local\Programs\MiKTeX\tex/latex/amsfonts\amssymb.sty
Package: amssymb 2013/01/14 v3.01 AMS font symbols
 (C:\Users\Mahrez Khan\AppData\Local\Programs\MiKTeX\tex/latex/amsfonts\amsfonts.sty
Package: amsfonts 2013/01/14 v3.01 Basic AMSFonts support
\@emptytoks=\toks31
\symAMSa=\mathgroup4
\symAMSb=\mathgroup5
LaTeX Font Info:    Redeclaring math symbol \hbar on input line 98.
LaTeX Font Info:    Overwriting math alphabet `\mathfrak' in version `bold'
(Font)                  U/euf/m/n --> U/euf/b/n on input line 106.
)) (C:\Users\Mahrez Khan\AppData\Local\Programs\MiKTeX\tex/latex/sansmathaccent\sansmathaccent.sty
Package: sansmathaccent 2020/01/31
 (C:\Users\Mahrez Khan\AppData\Local\Programs\MiKTeX\tex/latex/koma-script\scrlfile.sty
Package: scrlfile 2026/02/02 v3.49.2 KOMA-Script package (file load hooks)
 (C:\Users\Mahrez Khan\AppData\Local\Programs\MiKTeX\tex/latex/koma-script\scrlfile-hook.sty
Package: scrlfile-hook 2026/02/02 v3.49.2 KOMA-Script package (using LaTeX hooks)
 (C:\Users\Mahrez Khan\AppData\Local\Programs\MiKTeX\tex/latex/koma-script\scrlogo.sty
Package: scrlogo 2026/02/02 v3.49.2 KOMA-Script package (logo)
))))) (C:\Users\Mahrez Khan\AppData\Local\Programs\MiKTeX\tex/latex/beamer\beamerbasetranslator.sty (C:\Users\Mahrez Khan\AppData\Local\Programs\MiKTeX\tex/latex/translator\translator.sty
Package: translator 2021-05-31 v1.12d Easy translation of strings in LaTeX
)) (C:\Users\Mahrez Khan\AppData\Local\Programs\MiKTeX\tex/latex/beamer\beamerbasemisc.sty) (C:\Users\Mahrez Khan\AppData\Local\Programs\MiKTeX\tex/latex/beamer\beamerbasetwoscreens.sty) (C:\Users\Mahrez Khan\AppData\Local\Programs\MiKTeX\tex/latex/beamer\beamerbaseoverlay.sty
\beamer@argscount=\count332
\beamer@lastskipcover=\skip55
\beamer@trivlistdepth=\count333
) (C:\Users\Mahrez Khan\AppData\Local\Programs\MiKTeX\tex/latex/beamer\beamerbasetitle.sty) (C:\Users\Mahrez Khan\AppData\Local\Programs\MiKTeX\tex/latex/beamer\beamerbasesection.sty
\c@lecture=\count334
\c@part=\count335
\c@section=\count336
\c@subsection=\count337
\c@subsubsection=\count338
) (C:\Users\Mahrez Khan\AppData\Local\Programs\MiKTeX\tex/latex/beamer\beamerbaseframe.sty
\beamer@framebox=\box70
\beamer@frametitlebox=\box71
\beamer@zoombox=\box72
\beamer@zoomcount=\count339
\beamer@zoomframecount=\count340
\beamer@frametextheight=\dimen281
\c@subsectionslide=\count341
\beamer@frametopskip=\skip56
\beamer@framebottomskip=\skip57
\beamer@frametopskipautobreak=\skip58
\beamer@framebottomskipautobreak=\skip59
\beamer@envbody=\toks32
\framewidth=\dimen282
\c@framenumber=\count342
) (C:\Users\Mahrez Khan\AppData\Local\Programs\MiKTeX\tex/latex/beamer\beamerbaseverbatim.sty
\beamer@verbatimfileout=\write4
) (C:\Users\Mahrez Khan\AppData\Local\Programs\MiKTeX\tex/latex/beamer\beamerbaseframesize.sty
\beamer@splitbox=\box73
\beamer@autobreakcount=\count343
\beamer@autobreaklastheight=\dimen283
\beamer@frametitletoks=\toks33
\beamer@framesubtitletoks=\toks34
) (C:\Users\Mahrez Khan\AppData\Local\Programs\MiKTeX\tex/latex/beamer\beamerbaseframecomponents.sty
\beamer@colheight=\skip60
\beamer@footins=\box74
) (C:\Users\Mahrez Khan\AppData\Local\Programs\MiKTeX\tex/latex/beamer\beamerbasecolor.sty) (C:\Users\Mahrez Khan\AppData\Local\Programs\MiKTeX\tex/latex/beamer\beamerbasenotes.sty
\beamer@frameboxcopy=\box75
) (C:\Users\Mahrez Khan\AppData\Local\Programs\MiKTeX\tex/latex/beamer\beamerbasetoc.sty) (C:\Users\Mahrez Khan\AppData\Local\Programs\MiKTeX\tex/latex/beamer\beamerbasetemplates.sty
\beamer@sbttoks=\toks35
 (C:\Users\Mahrez Khan\AppData\Local\Programs\MiKTeX\tex/latex/beamer\beamerbaseauxtemplates.sty (C:\Users\Mahrez Khan\AppData\Local\Programs\MiKTeX\tex/latex/beamer\beamerbaseboxes.sty
\bmb@box=\box76
\bmb@colorbox=\box77
\bmb@boxwidth=\dimen284
\bmb@boxheight=\dimen285
\bmb@prevheight=\dimen286
\bmb@temp=\dimen287
\bmb@dima=\dimen288
\bmb@dimb=\dimen289
\bmb@prevheight=\dimen290
)
\beamer@blockheadheight=\dimen291
)) (C:\Users\Mahrez Khan\AppData\Local\Programs\MiKTeX\tex/latex/beamer\beamerbaselocalstructure.sty (C:\Users\Mahrez Khan\AppData\Local\Programs\MiKTeX\tex/latex/tools\enumerate.sty
Package: enumerate 2023/07/04 v3.00 enumerate extensions (DPC)
\@enLab=\toks36
)
\beamer@bibiconwidth=\skip61
\c@figure=\count344
\c@table=\count345
\abovecaptionskip=\skip62
\belowcaptionskip=\skip63
) (C:\Users\Mahrez Khan\AppData\Local\Programs\MiKTeX\tex/latex/beamer\beamerbasenavigation.sty (C:\Users\Mahrez Khan\AppData\Local\Programs\MiKTeX\tex/latex/beamer\beamerbasenavigationsymbols.tex)
\beamer@section@min@dim=\dimen292
) (C:\Users\Mahrez Khan\AppData\Local\Programs\MiKTeX\tex/latex/beamer\beamerbasetheorems.sty (C:\Users\Mahrez Khan\AppData\Local\Programs\MiKTeX\tex/latex/amsmath\amsmath.sty
Package: amsmath 2025/07/09 v2.17z AMS math features
\@mathmargin=\skip64

For additional information on amsmath, use the `?' option.
(C:\Users\Mahrez Khan\AppData\Local\Programs\MiKTeX\tex/latex/amsmath\amstext.sty
Package: amstext 2024/11/17 v2.01 AMS text
 (C:\Users\Mahrez Khan\AppData\Local\Programs\MiKTeX\tex/latex/amsmath\amsgen.sty
File: amsgen.sty 1999/11/30 v2.0 generic functions
\@emptytoks=\toks37
\ex@=\dimen293
)) (C:\Users\Mahrez Khan\AppData\Local\Programs\MiKTeX\tex/latex/amsmath\amsbsy.sty
Package: amsbsy 1999/11/29 v1.2d Bold Symbols
\pmbraise@=\dimen294
) (C:\Users\Mahrez Khan\AppData\Local\Programs\MiKTeX\tex/latex/amsmath\amsopn.sty
Package: amsopn 2022/04/08 v2.04 operator names
)
\inf@bad=\count346
LaTeX Info: Redefining \frac on input line 233.
\uproot@=\count347
\leftroot@=\count348
LaTeX Info: Redefining \overline on input line 398.
LaTeX Info: Redefining \colon on input line 409.
\classnum@=\count349
\DOTSCASE@=\count350
LaTeX Info: Redefining \ldots on input line 495.
LaTeX Info: Redefining \dots on input line 498.
LaTeX Info: Redefining \cdots on input line 619.
\Mathstrutbox@=\box78
\strutbox@=\box79
LaTeX Info: Redefining \big on input line 721.
LaTeX Info: Redefining \Big on input line 722.
LaTeX Info: Redefining \bigg on input line 723.
LaTeX Info: Redefining \Bigg on input line 724.
\big@size=\dimen295
LaTeX Font Info:    Redeclaring font encoding OML on input line 742.
LaTeX Font Info:    Redeclaring font encoding OMS on input line 743.
\macc@depth=\count351
LaTeX Info: Redefining \bmod on input line 904.
LaTeX Info: Redefining \pmod on input line 909.
LaTeX Info: Redefining \smash on input line 939.
LaTeX Info: Redefining \relbar on input line 969.
LaTeX Info: Redefining \Relbar on input line 970.
\c@MaxMatrixCols=\count352
\dotsspace@=\muskip18
\c@parentequation=\count353
\dspbrk@lvl=\count354
\tag@help=\toks38
\row@=\count355
\column@=\count356
\maxfields@=\count357
\andhelp@=\toks39
\eqnshift@=\dimen296
\alignsep@=\dimen297
\tagshift@=\dimen298
\tagwidth@=\dimen299
\totwidth@=\dimen300
\lineht@=\dimen301
\@envbody=\toks40
\multlinegap=\skip65
\multlinetaggap=\skip66
\mathdisplay@stack=\toks41
LaTeX Info: Redefining \[ on input line 2950.
LaTeX Info: Redefining \] on input line 2951.
) (C:\Users\Mahrez Khan\AppData\Local\Programs\MiKTeX\tex/latex/amscls\amsthm.sty
Package: amsthm 2020/05/29 v2.20.6
\thm@style=\toks42
\thm@bodyfont=\toks43
\thm@headfont=\toks44
\thm@notefont=\toks45
\thm@headpunct=\toks46
\thm@preskip=\skip67
\thm@postskip=\skip68
\thm@headsep=\skip69
\dth@everypar=\toks47
)
\c@theorem=\count358
) (C:\Users\Mahrez Khan\AppData\Local\Programs\MiKTeX\tex/latex/beamer\beamerbasethemes.sty)) (C:\Users\Mahrez Khan\AppData\Local\Programs\MiKTeX\tex/latex/beamer\beamerthemedefault.sty (C:\Users\Mahrez Khan\AppData\Local\Programs\MiKTeX\tex/latex/beamer\beamerfontthemedefault.sty) (C:\Users\Mahrez Khan\AppData\Local\Programs\MiKTeX\tex/latex/beamer\beamercolorthemedefault.sty) (C:\Users\Mahrez Khan\AppData\Local\Programs\MiKTeX\tex/latex/beamer\beamerinnerthemedefault.sty
\beamer@dima=\dimen302
\beamer@dimb=\dimen303
) (C:\Users\Mahrez Khan\AppData\Local\Programs\MiKTeX\tex/latex/beamer\beamerouterthemedefault.sty))) (C:\Users\Mahrez Khan\AppData\Local\Programs\MiKTeX\tex/latex/pgf/frontendlayer\tikz.sty (C:\Users\Mahrez Khan\AppData\Local\Programs\MiKTeX\tex/latex/pgf/basiclayer\pgf.sty
Package: pgf 2025-08-29 v3.1.11a (3.1.11a)
 (C:\Users\Mahrez Khan\AppData\Local\Programs\MiKTeX\tex/generic/pgf/modules\pgfmoduleshapes.code.tex
File: pgfmoduleshapes.code.tex 2025-08-29 v3.1.11a (3.1.11a)
\pgfnodeparttextbox=\box80
) (C:\Users\Mahrez Khan\AppData\Local\Programs\MiKTeX\tex/generic/pgf/modules\pgfmoduleplot.code.tex
File: pgfmoduleplot.code.tex 2025-08-29 v3.1.11a (3.1.11a)
) (C:\Users\Mahrez Khan\AppData\Local\Programs\MiKTeX\tex/latex/pgf/compatibility\pgfcomp-version-0-65.sty
Package: pgfcomp-version-0-65 2025-08-29 v3.1.11a (3.1.11a)
\pgf@nodesepstart=\dimen304
\pgf@nodesepend=\dimen305
) (C:\Users\Mahrez Khan\AppData\Local\Programs\MiKTeX\tex/latex/pgf/compatibility\pgfcomp-version-1-18.sty
Package: pgfcomp-version-1-18 2025-08-29 v3.1.11a (3.1.11a)
)) (C:\Users\Mahrez Khan\AppData\Local\Programs\MiKTeX\tex/latex/pgf/utilities\pgffor.sty (C:\Users\Mahrez Khan\AppData\Local\Programs\MiKTeX\tex/generic/pgf/utilities\pgffor.code.tex
Package: pgffor 2025-08-29 v3.1.11a (3.1.11a)
\pgffor@iter=\dimen306
\pgffor@skip=\dimen307
\pgffor@stack=\toks48
\pgffor@toks=\toks49
)) (C:\Users\Mahrez Khan\AppData\Local\Programs\MiKTeX\tex/generic/pgf/frontendlayer/tikz\tikz.code.tex
Package: tikz 2025-08-29 v3.1.11a (3.1.11a)
 (C:\Users\Mahrez Khan\AppData\Local\Programs\MiKTeX\tex/generic/pgf/libraries\pgflibraryplothandlers.code.tex
File: pgflibraryplothandlers.code.tex 2025-08-29 v3.1.11a (3.1.11a)
\pgf@plot@mark@count=\count359
\pgfplotmarksize=\dimen308
)
\tikz@lastx=\dimen309
\tikz@lasty=\dimen310
\tikz@lastxsaved=\dimen311
\tikz@lastysaved=\dimen312
\tikz@lastmovetox=\dimen313
\tikz@lastmovetoy=\dimen314
\tikzleveldistance=\dimen315
\tikzsiblingdistance=\dimen316
\tikz@figbox=\box81
\tikz@figbox@bg=\box82
\tikz@tempbox=\box83
\tikz@tempbox@bg=\box84
\tikztreelevel=\count360
\tikznumberofchildren=\count361
\tikznumberofcurrentchild=\count362
\tikz@fig@count=\count363
 (C:\Users\Mahrez Khan\AppData\Local\Programs\MiKTeX\tex/generic/pgf/modules\pgfmodulematrix.code.tex
File: pgfmodulematrix.code.tex 2025-08-29 v3.1.11a (3.1.11a)
\pgfmatrixcurrentrow=\count364
\pgfmatrixcurrentcolumn=\count365
\pgf@matrix@numberofcolumns=\count366
)
\tikz@expandcount=\count367
 (C:\Users\Mahrez Khan\AppData\Local\Programs\MiKTeX\tex/generic/pgf/frontendlayer/tikz/libraries\tikzlibrarytopaths.code.tex
File: tikzlibrarytopaths.code.tex 2025-08-29 v3.1.11a (3.1.11a)
))) (C:\Users\Mahrez Khan\AppData\Local\Programs\MiKTeX\tex/latex/xstring\xstring.sty (C:\Users\Mahrez Khan\AppData\Local\Programs\MiKTeX\tex/generic/xstring\xstring.tex
\xs_counta=\count368
\xs_countb=\count369
)
Package: xstring 2023/08/22 v1.86 String manipulations (CT)
) (C:\Users\Mahrez Khan\AppData\Local\Programs\MiKTeX\tex/latex/tcolorbox\tcolorbox.sty
Package: tcolorbox 2025/11/28 version 6.9.0 text color boxes
 (C:\Users\Mahrez Khan\AppData\Local\Programs\MiKTeX\tex/latex/tools\verbatim.sty
Package: verbatim 2024-01-22 v1.5x LaTeX2e package for verbatim enhancements
\every@verbatim=\toks50
\verbatim@line=\toks51
\verbatim@in@stream=\read3
) (C:\Users\Mahrez Khan\AppData\Local\Programs\MiKTeX\tex/latex/environ\environ.sty
Package: environ 2014/05/04 v0.3 A new way to define environments
 (C:\Users\Mahrez Khan\AppData\Local\Programs\MiKTeX\tex/latex/trimspaces\trimspaces.sty
Package: trimspaces 2009/09/17 v1.1 Trim spaces around a token list
))
\tcb@titlebox=\box85
\tcb@upperbox=\box86
\tcb@lowerbox=\box87
\tcb@phantombox=\box88
\c@tcbbreakpart=\count370
\c@tcblayer=\count371
\c@tcolorbox@number=\count372
\l__tcobox_tmpa_box=\box89
\l__tcobox_tmpa_dim=\dimen317
\tcb@temp=\box90
\tcb@temp=\box91
\tcb@temp=\box92
\tcb@temp=\box93
) (C:\Users\Mahrez Khan\AppData\Local\Programs\MiKTeX\tex/latex/tcolorbox\tcbskins.code.tex
Library (tcolorbox): 'tcbskins.code.tex' version '6.9.0'
(C:\Users\Mahrez Khan\AppData\Local\Programs\MiKTeX\tex/latex/tikzfill\tikzfill.image.sty
Package: tikzfill.image 2023/08/08 v1.0.1 Image filling library for TikZ
 (C:\Users\Mahrez Khan\AppData\Local\Programs\MiKTeX\tex/latex/tikzfill\tikzfill-common.sty
Package: tikzfill-common 2023/08/08 v1.0.1 Auxiliary code for tikzfill
) (C:\Users\Mahrez Khan\AppData\Local\Programs\MiKTeX\tex/latex/tikzfill\tikzlibraryfill.image.code.tex
File: tikzlibraryfill.image.code.tex 2023/08/08 v1.0.1 Image filling library
\l__tikzfill_img_box=\box94
)) (C:\Users\Mahrez Khan\AppData\Local\Programs\MiKTeX\tex/latex/tcolorbox\tcbskinsjigsaw.code.tex
Library (tcolorbox): 'tcbskinsjigsaw.code.tex' version '6.9.0'
)) (C:\Users\Mahrez Khan\AppData\Local\Programs\MiKTeX\tex/generic/pgf/frontendlayer/tikz/libraries\tikzlibraryfit.code.tex
File: tikzlibraryfit.code.tex 2025-08-29 v3.1.11a (3.1.11a)
) (C:\Users\Mahrez Khan\AppData\Local\Programs\MiKTeX\tex/generic/pgf/frontendlayer/tikz/libraries\tikzlibrarypositioning.code.tex
File: tikzlibrarypositioning.code.tex 2025-08-29 v3.1.11a (3.1.11a)
) (C:\Users\Mahrez Khan\AppData\Local\Programs\MiKTeX\tex/generic/pgf/frontendlayer/tikz/libraries\tikzlibraryshapes.geometric.code.tex
File: tikzlibraryshapes.geometric.code.tex 2025-08-29 v3.1.11a (3.1.11a)
 (C:\Users\Mahrez Khan\AppData\Local\Programs\MiKTeX\tex/generic/pgf/libraries/shapes\pgflibraryshapes.geometric.code.tex
File: pgflibraryshapes.geometric.code.tex 2025-08-29 v3.1.11a (3.1.11a)
)) (C:\Users\Mahrez Khan\AppData\Local\Programs\MiKTeX\tex/generic/pgf/frontendlayer/tikz/libraries\tikzlibraryarrows.code.tex
File: tikzlibraryarrows.code.tex 2025-08-29 v3.1.11a (3.1.11a)
 (C:\Users\Mahrez Khan\AppData\Local\Programs\MiKTeX\tex/generic/pgf/libraries\pgflibraryarrows.code.tex
File: pgflibraryarrows.code.tex 2025-08-29 v3.1.11a (3.1.11a)
\arrowsize=\dimen318
)) (C:\Users\Mahrez Khan\AppData\Local\Programs\MiKTeX\tex/generic/pgf/frontendlayer/tikz/libraries\tikzlibraryshadows.code.tex
File: tikzlibraryshadows.code.tex 2025-08-29 v3.1.11a (3.1.11a)
 (C:\Users\Mahrez Khan\AppData\Local\Programs\MiKTeX\tex/generic/pgf/frontendlayer/tikz/libraries\tikzlibraryfadings.code.tex
File: tikzlibraryfadings.code.tex 2025-08-29 v3.1.11a (3.1.11a)
 (C:\Users\Mahrez Khan\AppData\Local\Programs\MiKTeX\tex/generic/pgf/libraries\pgflibraryfadings.code.tex
File: pgflibraryfadings.code.tex 2025-08-29 v3.1.11a (3.1.11a)
))) (C:\Users\Mahrez Khan\AppData\Local\Programs\MiKTeX\tex/generic/pgf/frontendlayer/tikz/libraries\tikzlibrarycalc.code.tex
File: tikzlibrarycalc.code.tex 2025-08-29 v3.1.11a (3.1.11a)
) (C:\Users\Mahrez Khan\AppData\Local\Programs\MiKTeX\tex/generic/pgf/frontendlayer/tikz/libraries\tikzlibrarytrees.code.tex
File: tikzlibrarytrees.code.tex 2025-08-29 v3.1.11a (3.1.11a)
) (C:\Users\Mahrez Khan\AppData\Local\Programs\MiKTeX\tex/latex/beamer\beamerthemeMadrid.sty (C:\Users\Mahrez Khan\AppData\Local\Programs\MiKTeX\tex/latex/beamer\beamercolorthemewhale.sty) (C:\Users\Mahrez Khan\AppData\Local\Programs\MiKTeX\tex/latex/beamer\beamercolorthemeorchid.sty) (C:\Users\Mahrez Khan\AppData\Local\Programs\MiKTeX\tex/latex/beamer\beamerinnerthemerounded.sty) (C:\Users\Mahrez Khan\AppData\Local\Programs\MiKTeX\tex/latex/beamer\beamerouterthemeinfolines.sty)) (C:\Users\Mahrez Khan\AppData\Local\Programs\MiKTeX\tex/latex/beamer\beamercolorthemespruce.sty) (C:\Users\Mahrez Khan\AppData\Local\Programs\MiKTeX\tex/latex/l3backend\l3backend-pdftex.def
File: l3backend-pdftex.def 2025-10-09 L3 backend support: PDF output (pdfTeX)
\l__color_backend_stack_int=\count373
) (hierarchical clustering.aux)
\openout1 = `"hierarchical clustering.aux"'.

LaTeX Font Info:    Checking defaults for OML/cmm/m/it on input line 54.
LaTeX Font Info:    ... okay on input line 54.
LaTeX Font Info:    Checking defaults for OMS/cmsy/m/n on input line 54.
LaTeX Font Info:    ... okay on input line 54.
LaTeX Font Info:    Checking defaults for OT1/cmr/m/n on input line 54.
LaTeX Font Info:    ... okay on input line 54.
LaTeX Font Info:    Checking defaults for T1/cmr/m/n on input line 54.
LaTeX Font Info:    ... okay on input line 54.
LaTeX Font Info:    Checking defaults for TS1/cmr/m/n on input line 54.
LaTeX Font Info:    ... okay on input line 54.
LaTeX Font Info:    Checking defaults for OMX/cmex/m/n on input line 54.
LaTeX Font Info:    ... okay on input line 54.
LaTeX Font Info:    Checking defaults for U/cmr/m/n on input line 54.
LaTeX Font Info:    ... okay on input line 54.
LaTeX Font Info:    Checking defaults for PD1/pdf/m/n on input line 54.
LaTeX Font Info:    ... okay on input line 54.
LaTeX Font Info:    Checking defaults for PU/pdf/m/n on input line 54.
LaTeX Font Info:    ... okay on input line 54.

*geometry* driver: auto-detecting
*geometry* detected driver: pdftex
*geometry* verbose mode - [ preamble ] result:
* driver: pdftex
* paper: custom
* layout: <same size as paper>
* layoutoffset:(h,v)=(0.0pt,0.0pt)
* modes: includehead includefoot 
* h-part:(L,W,R)=(10.95003pt, 342.2953pt, 10.95003pt)
* v-part:(T,H,B)=(0.0pt, 273.14662pt, 0.0pt)
* \paperwidth=364.19536pt
* \paperheight=273.14662pt
* \textwidth=342.2953pt
* \textheight=244.6939pt
* \oddsidemargin=-61.31996pt
* \evensidemargin=-61.31996pt
* \topmargin=-72.26999pt
* \headheight=14.22636pt
* \headsep=0.0pt
* \topskip=11.0pt
* \footskip=14.22636pt
* \marginparwidth=4.0pt
* \marginparsep=10.0pt
* \columnsep=10.0pt
* \skip\footins=10.0pt plus 4.0pt minus 2.0pt
* \hoffset=0.0pt
* \voffset=0.0pt
* \mag=1000
* \@twocolumnfalse
* \@twosidefalse
* \@mparswitchfalse
* \@reversemarginfalse
* (1in=72.27pt=25.4mm, 1cm=28.453pt)

(C:\Users\Mahrez Khan\AppData\Local\Programs\MiKTeX\tex/context/base/mkii\supp-pdf.mkii
[Loading MPS to PDF converter (version 2006.09.02).]
\scratchcounter=\count374
\scratchdimen=\dimen319
\scratchbox=\box95
\nofMPsegments=\count375
\nofMParguments=\count376
\everyMPshowfont=\toks52
\MPscratchCnt=\count377
\MPscratchDim=\dimen320
\MPnumerator=\count378
\makeMPintoPDFobject=\count379
\everyMPtoPDFconversion=\toks53
) (C:\Users\Mahrez Khan\AppData\Local\Programs\MiKTeX\tex/latex/epstopdf-pkg\epstopdf-base.sty
Package: epstopdf-base 2020-01-24 v2.11 Base part for package epstopdf
Package epstopdf-base Info: Redefining graphics rule for `.eps' on input line 485.
 (C:\Users\Mahrez Khan\AppData\Local\Programs\MiKTeX\tex/latex/00miktex\epstopdf-sys.cfg
File: epstopdf-sys.cfg 2021/03/18 v2.0 Configuration of epstopdf for MiKTeX
))
Package hyperref Info: Link coloring OFF on input line 54.
 (hierarchical clustering.out) (hierarchical clustering.out)
\@outlinefile=\write5
\openout5 = `"hierarchical clustering.out"'.

LaTeX Font Info:    Overwriting symbol font `operators' in version `normal'
(Font)                  OT1/cmr/m/n --> OT1/cmss/m/n on input line 54.
LaTeX Font Info:    Overwriting symbol font `operators' in version `bold'
(Font)                  OT1/cmr/bx/n --> OT1/cmss/b/n on input line 54.
\symnumbers=\mathgroup6
\sympureletters=\mathgroup7
LaTeX Font Info:    Overwriting math alphabet `\mathrm' in version `normal'
(Font)                  OT1/cmss/m/n --> OT1/cmr/m/n on input line 54.
LaTeX Font Info:    Redeclaring math alphabet \mathbf on input line 54.
LaTeX Font Info:    Overwriting math alphabet `\mathbf' in version `normal'
(Font)                  OT1/cmr/bx/n --> OT1/cmss/b/n on input line 54.
LaTeX Font Info:    Overwriting math alphabet `\mathbf' in version `bold'
(Font)                  OT1/cmr/bx/n --> OT1/cmss/b/n on input line 54.
LaTeX Font Info:    Redeclaring math alphabet \mathsf on input line 54.
LaTeX Font Info:    Overwriting math alphabet `\mathsf' in version `normal'
(Font)                  OT1/cmss/m/n --> OT1/cmss/m/n on input line 54.
LaTeX Font Info:    Overwriting math alphabet `\mathsf' in version `bold'
(Font)                  OT1/cmss/bx/n --> OT1/cmss/m/n on input line 54.
LaTeX Font Info:    Redeclaring math alphabet \mathit on input line 54.
LaTeX Font Info:    Overwriting math alphabet `\mathit' in version `normal'
(Font)                  OT1/cmr/m/it --> OT1/cmss/m/it on input line 54.
LaTeX Font Info:    Overwriting math alphabet `\mathit' in version `bold'
(Font)                  OT1/cmr/bx/it --> OT1/cmss/m/it on input line 54.
LaTeX Font Info:    Redeclaring math alphabet \mathtt on input line 54.
LaTeX Font Info:    Overwriting math alphabet `\mathtt' in version `normal'
(Font)                  OT1/cmtt/m/n --> OT1/cmtt/m/n on input line 54.
LaTeX Font Info:    Overwriting math alphabet `\mathtt' in version `bold'
(Font)                  OT1/cmtt/m/n --> OT1/cmtt/m/n on input line 54.
LaTeX Font Info:    Overwriting symbol font `numbers' in version `bold'
(Font)                  OT1/cmss/m/n --> OT1/cmss/b/n on input line 54.
LaTeX Font Info:    Overwriting symbol font `pureletters' in version `bold'
(Font)                  OT1/cmss/m/it --> OT1/cmss/b/it on input line 54.
LaTeX Font Info:    Overwriting math alphabet `\mathrm' in version `bold'
(Font)                  OT1/cmss/b/n --> OT1/cmr/b/n on input line 54.
LaTeX Font Info:    Overwriting math alphabet `\mathbf' in version `bold'
(Font)                  OT1/cmss/b/n --> OT1/cmss/b/n on input line 54.
LaTeX Font Info:    Overwriting math alphabet `\mathsf' in version `bold'
(Font)                  OT1/cmss/m/n --> OT1/cmss/b/n on input line 54.
LaTeX Font Info:    Overwriting math alphabet `\mathit' in version `bold'
(Font)                  OT1/cmss/m/it --> OT1/cmss/b/it on input line 54.
LaTeX Font Info:    Overwriting math alphabet `\mathtt' in version `bold'
(Font)                  OT1/cmtt/m/n --> OT1/cmtt/b/n on input line 54.
LaTeX Font Info:    Redeclaring symbol font `pureletters' on input line 54.
LaTeX Font Info:    Overwriting symbol font `pureletters' in version `normal'
(Font)                  OT1/cmss/m/it --> OT1/mathkerncmss/m/sl on input line 54.
LaTeX Font Info:    Overwriting symbol font `pureletters' in version `bold'
(Font)                  OT1/cmss/b/it --> OT1/mathkerncmss/m/sl on input line 54.
LaTeX Font Info:    Overwriting symbol font `pureletters' in version `bold'
(Font)                  OT1/mathkerncmss/m/sl --> OT1/mathkerncmss/bx/sl on input line 54.
 (C:\Users\Mahrez Khan\AppData\Local\Programs\MiKTeX\tex/latex/translator\translator-basic-dictionary-English.dict
Dictionary: translator-basic-dictionary, Language: English 
) (C:\Users\Mahrez Khan\AppData\Local\Programs\MiKTeX\tex/latex/translator\translator-bibliography-dictionary-English.dict
Dictionary: translator-bibliography-dictionary, Language: English 
) (C:\Users\Mahrez Khan\AppData\Local\Programs\MiKTeX\tex/latex/translator\translator-environment-dictionary-English.dict
Dictionary: translator-environment-dictionary, Language: English 
) (C:\Users\Mahrez Khan\AppData\Local\Programs\MiKTeX\tex/latex/translator\translator-months-dictionary-English.dict
Dictionary: translator-months-dictionary, Language: English 
) (C:\Users\Mahrez Khan\AppData\Local\Programs\MiKTeX\tex/latex/translator\translator-numbers-dictionary-English.dict
Dictionary: translator-numbers-dictionary, Language: English 
) (C:\Users\Mahrez Khan\AppData\Local\Programs\MiKTeX\tex/latex/translator\translator-theorem-dictionary-English.dict
Dictionary: translator-theorem-dictionary, Language: English 
) (hierarchical clustering.nav) [1

{C:/Users/Mahrez Khan/AppData/Local/MiKTeX/fonts/map/pdftex/pdftex.map}] (hierarchical clustering.toc) [2

] [3

] [4

] [5

] [6

] [7

]
Overfull \vbox (1.70233pt too high) detected at line 167
 []

[8

]
Overfull \hbox (8.66101pt too wide) in paragraph at lines 348--348
 [] 
 []

[9

]
Overfull \hbox (8.66101pt too wide) in paragraph at lines 348--348
 [] 
 []

[10

]
Overfull \hbox (8.66101pt too wide) in paragraph at lines 348--348
 [] 
 []

[11

]
Overfull \hbox (8.66101pt too wide) in paragraph at lines 348--348
 [] 
 []

[12

]
Overfull \hbox (8.66101pt too wide) in paragraph at lines 348--348
 [] 
 []

[13

]
Overfull \hbox (8.66101pt too wide) in paragraph at lines 348--348
 [] 
 []

[14

]
Overfull \hbox (8.66101pt too wide) in paragraph at lines 348--348
 [] 
 []

[15

] [16

] [17

] [18

] [19

] [20

]
<images/thor.jpg, id=863, 2890.8pt x 1806.75pt>
File: images/thor.jpg Graphic file (type jpg)
<use images/thor.jpg>
Package pdftex.def Info: images/thor.jpg  used on input line 473.
(pdftex.def)             Requested size: 154.03183pt x 96.27007pt.
 [21

 <./images/thor.jpg>] [22

] [23

] [24

] [25

] [26

] [27

] [28

]
LaTeX Font Info:    Trying to load font information for U+msa on input line 602.
 (C:\Users\Mahrez Khan\AppData\Local\Programs\MiKTeX\tex/latex/amsfonts\umsa.fd
File: umsa.fd 2013/01/14 v3.01 AMS symbols A
)
LaTeX Font Info:    Trying to load font information for U+msb on input line 602.
 (C:\Users\Mahrez Khan\AppData\Local\Programs\MiKTeX\tex/latex/amsfonts\umsb.fd
File: umsb.fd 2013/01/14 v3.01 AMS symbols B
)
LaTeX Font Info:    Trying to load font information for OT1+mathkerncmss on input line 602.
 (C:\Users\Mahrez Khan\AppData\Local\Programs\MiKTeX\tex/latex/sansmathaccent\ot1mathkerncmss.fd
File: ot1mathkerncmss.fd 2020/01/31 Fontinst v1.933 font definitions for OT1/mathkerncmss.
) [29

] [30

] [31

] [32

] [33

]
Missing character: There is no [ in font nullfont!
Missing character: There is no v in font nullfont!
Missing character: There is no e in font nullfont!
Missing character: There is no r in font nullfont!
Missing character: There is no y in font nullfont!
Missing character: There is no t in font nullfont!
Missing character: There is no h in font nullfont!
Missing character: There is no i in font nullfont!
Missing character: There is no c in font nullfont!
Missing character: There is no k in font nullfont!
Missing character: There is no , in font nullfont!
Missing character: There is no r in font nullfont!
Missing character: There is no o in font nullfont!
Missing character: There is no t in font nullfont!
Missing character: There is no a in font nullfont!
Missing character: There is no t in font nullfont!
Missing character: There is no e in font nullfont!
Missing character: There is no a in font nullfont!
Missing character: There is no r in font nullfont!
Missing character: There is no o in font nullfont!
Missing character: There is no u in font nullfont!
Missing character: There is no n in font nullfont!
Missing character: There is no d in font nullfont!
Missing character: There is no = in font nullfont!
Missing character: There is no 3 in font nullfont!
Missing character: There is no 0 in font nullfont!
Missing character: There is no : in font nullfont!
Missing character: There is no ( in font nullfont!
Missing character: There is no 4 in font nullfont!
Missing character: There is no 0 in font nullfont!
Missing character: There is no , in font nullfont!
Missing character: There is no 3 in font nullfont!
Missing character: There is no 6 in font nullfont!
Missing character: There is no ) in font nullfont!
Missing character: There is no ] in font nullfont!
Missing character: There is no ( in font nullfont!
Missing character: There is no 4 in font nullfont!
Missing character: There is no 0 in font nullfont!
Missing character: There is no , in font nullfont!
Missing character: There is no 3 in font nullfont!
Missing character: There is no 6 in font nullfont!
Missing character: There is no ) in font nullfont!
Missing character: There is no e in font nullfont!
Missing character: There is no l in font nullfont!
Missing character: There is no l in font nullfont!
Missing character: There is no i in font nullfont!
Missing character: There is no p in font nullfont!
Missing character: There is no s in font nullfont!
Missing character: There is no e in font nullfont!
Missing character: There is no ( in font nullfont!
Missing character: There is no 7 in font nullfont!
Missing character: There is no a in font nullfont!
Missing character: There is no n in font nullfont!
Missing character: There is no d in font nullfont!
Missing character: There is no 5 in font nullfont!
Missing character: There is no ) in font nullfont!
Missing character: There is no ; in font nullfont!
Missing character: There is no [ in font nullfont!
Missing character: There is no v in font nullfont!
Missing character: There is no e in font nullfont!
Missing character: There is no r in font nullfont!
Missing character: There is no y in font nullfont!
Missing character: There is no t in font nullfont!
Missing character: There is no h in font nullfont!
Missing character: There is no i in font nullfont!
Missing character: There is no c in font nullfont!
Missing character: There is no k in font nullfont!
Missing character: There is no , in font nullfont!
Missing character: There is no r in font nullfont!
Missing character: There is no o in font nullfont!
Missing character: There is no t in font nullfont!
Missing character: There is no a in font nullfont!
Missing character: There is no t in font nullfont!
Missing character: There is no e in font nullfont!
Missing character: There is no a in font nullfont!
Missing character: There is no r in font nullfont!
Missing character: There is no o in font nullfont!
Missing character: There is no u in font nullfont!
Missing character: There is no n in font nullfont!
Missing character: There is no d in font nullfont!
Missing character: There is no = in font nullfont!
Missing character: There is no 3 in font nullfont!
Missing character: There is no 0 in font nullfont!
Missing character: There is no : in font nullfont!
Missing character: There is no ( in font nullfont!
Missing character: There is no 4 in font nullfont!
Missing character: There is no 0 in font nullfont!
Missing character: There is no , in font nullfont!
Missing character: There is no 3 in font nullfont!
Missing character: There is no 7 in font nullfont!
Missing character: There is no ) in font nullfont!
Missing character: There is no ] in font nullfont!
Missing character: There is no ( in font nullfont!
Missing character: There is no 4 in font nullfont!
Missing character: There is no 0 in font nullfont!
Missing character: There is no , in font nullfont!
Missing character: There is no 3 in font nullfont!
Missing character: There is no 7 in font nullfont!
Missing character: There is no ) in font nullfont!
Missing character: There is no e in font nullfont!
Missing character: There is no l in font nullfont!
Missing character: There is no l in font nullfont!
Missing character: There is no i in font nullfont!
Missing character: There is no p in font nullfont!
Missing character: There is no s in font nullfont!
Missing character: There is no e in font nullfont!
Missing character: There is no ( in font nullfont!
Missing character: There is no 5 in font nullfont!
Missing character: There is no a in font nullfont!
Missing character: There is no n in font nullfont!
Missing character: There is no d in font nullfont!
Missing character: There is no 3 in font nullfont!
Missing character: There is no ) in font nullfont!
Missing character: There is no ; in font nullfont!
Missing character: There is no [ in font nullfont!
Missing character: There is no v in font nullfont!
Missing character: There is no e in font nullfont!
Missing character: There is no r in font nullfont!
Missing character: There is no y in font nullfont!
Missing character: There is no t in font nullfont!
Missing character: There is no h in font nullfont!
Missing character: There is no i in font nullfont!
Missing character: There is no c in font nullfont!
Missing character: There is no k in font nullfont!
Missing character: There is no , in font nullfont!
Missing character: There is no r in font nullfont!
Missing character: There is no o in font nullfont!
Missing character: There is no t in font nullfont!
Missing character: There is no a in font nullfont!
Missing character: There is no t in font nullfont!
Missing character: There is no e in font nullfont!
Missing character: There is no a in font nullfont!
Missing character: There is no r in font nullfont!
Missing character: There is no o in font nullfont!
Missing character: There is no u in font nullfont!
Missing character: There is no n in font nullfont!
Missing character: There is no d in font nullfont!
Missing character: There is no = in font nullfont!
Missing character: There is no - in font nullfont!
Missing character: There is no 2 in font nullfont!
Missing character: There is no 0 in font nullfont!
Missing character: There is no : in font nullfont!
Missing character: There is no ( in font nullfont!
Missing character: There is no 2 in font nullfont!
Missing character: There is no 4 in font nullfont!
Missing character: There is no , in font nullfont!
Missing character: There is no 2 in font nullfont!
Missing character: There is no 7 in font nullfont!
Missing character: There is no . in font nullfont!
Missing character: There is no 7 in font nullfont!
Missing character: There is no ) in font nullfont!
Missing character: There is no ] in font nullfont!
Missing character: There is no ( in font nullfont!
Missing character: There is no 2 in font nullfont!
Missing character: There is no 4 in font nullfont!
Missing character: There is no , in font nullfont!
Missing character: There is no 2 in font nullfont!
Missing character: There is no 7 in font nullfont!
Missing character: There is no ) in font nullfont!
Missing character: There is no e in font nullfont!
Missing character: There is no l in font nullfont!
Missing character: There is no l in font nullfont!
Missing character: There is no i in font nullfont!
Missing character: There is no p in font nullfont!
Missing character: There is no s in font nullfont!
Missing character: There is no e in font nullfont!
Missing character: There is no ( in font nullfont!
Missing character: There is no 7 in font nullfont!
Missing character: There is no a in font nullfont!
Missing character: There is no n in font nullfont!
Missing character: There is no d in font nullfont!
Missing character: There is no 6 in font nullfont!
Missing character: There is no ) in font nullfont!
Missing character: There is no ; in font nullfont!
Missing character: There is no [ in font nullfont!
Missing character: There is no v in font nullfont!
Missing character: There is no e in font nullfont!
Missing character: There is no r in font nullfont!
Missing character: There is no y in font nullfont!
Missing character: There is no t in font nullfont!
Missing character: There is no h in font nullfont!
Missing character: There is no i in font nullfont!
Missing character: There is no c in font nullfont!
Missing character: There is no k in font nullfont!
Missing character: There is no , in font nullfont!
Missing character: There is no r in font nullfont!
Missing character: There is no o in font nullfont!
Missing character: There is no t in font nullfont!
Missing character: There is no a in font nullfont!
Missing character: There is no t in font nullfont!
Missing character: There is no e in font nullfont!
Missing character: There is no a in font nullfont!
Missing character: There is no r in font nullfont!
Missing character: There is no o in font nullfont!
Missing character: There is no u in font nullfont!
Missing character: There is no n in font nullfont!
Missing character: There is no d in font nullfont!
Missing character: There is no = in font nullfont!
Missing character: There is no - in font nullfont!
Missing character: There is no 2 in font nullfont!
Missing character: There is no 0 in font nullfont!
Missing character: There is no : in font nullfont!
Missing character: There is no ( in font nullfont!
Missing character: There is no 2 in font nullfont!
Missing character: There is no 2 in font nullfont!
Missing character: There is no . in font nullfont!
Missing character: There is no 8 in font nullfont!
Missing character: There is no , in font nullfont!
Missing character: There is no 2 in font nullfont!
Missing character: There is no 6 in font nullfont!
Missing character: There is no ) in font nullfont!
Missing character: There is no ] in font nullfont!
Missing character: There is no ( in font nullfont!
Missing character: There is no 2 in font nullfont!
Missing character: There is no 2 in font nullfont!
Missing character: There is no . in font nullfont!
Missing character: There is no 8 in font nullfont!
Missing character: There is no , in font nullfont!
Missing character: There is no 2 in font nullfont!
Missing character: There is no 6 in font nullfont!
Missing character: There is no ) in font nullfont!
Missing character: There is no e in font nullfont!
Missing character: There is no l in font nullfont!
Missing character: There is no l in font nullfont!
Missing character: There is no i in font nullfont!
Missing character: There is no p in font nullfont!
Missing character: There is no s in font nullfont!
Missing character: There is no e in font nullfont!
Missing character: There is no ( in font nullfont!
Missing character: There is no 5 in font nullfont!
Missing character: There is no a in font nullfont!
Missing character: There is no n in font nullfont!
Missing character: There is no d in font nullfont!
Missing character: There is no 4 in font nullfont!
Missing character: There is no ) in font nullfont!
Missing character: There is no ; in font nullfont!

Overfull \hbox (3.8639pt too wide) in paragraph at lines 733--733
 [][] 
 []

[34

]
Missing character: There is no [ in font nullfont!
Missing character: There is no v in font nullfont!
Missing character: There is no e in font nullfont!
Missing character: There is no r in font nullfont!
Missing character: There is no y in font nullfont!
Missing character: There is no t in font nullfont!
Missing character: There is no h in font nullfont!
Missing character: There is no i in font nullfont!
Missing character: There is no c in font nullfont!
Missing character: There is no k in font nullfont!
Missing character: There is no , in font nullfont!
Missing character: There is no r in font nullfont!
Missing character: There is no o in font nullfont!
Missing character: There is no t in font nullfont!
Missing character: There is no a in font nullfont!
Missing character: There is no t in font nullfont!
Missing character: There is no e in font nullfont!
Missing character: There is no a in font nullfont!
Missing character: There is no r in font nullfont!
Missing character: There is no o in font nullfont!
Missing character: There is no u in font nullfont!
Missing character: There is no n in font nullfont!
Missing character: There is no d in font nullfont!
Missing character: There is no = in font nullfont!
Missing character: There is no 3 in font nullfont!
Missing character: There is no 0 in font nullfont!
Missing character: There is no : in font nullfont!
Missing character: There is no ( in font nullfont!
Missing character: There is no 4 in font nullfont!
Missing character: There is no 0 in font nullfont!
Missing character: There is no , in font nullfont!
Missing character: There is no 3 in font nullfont!
Missing character: There is no 6 in font nullfont!
Missing character: There is no ) in font nullfont!
Missing character: There is no ] in font nullfont!
Missing character: There is no ( in font nullfont!
Missing character: There is no 4 in font nullfont!
Missing character: There is no 0 in font nullfont!
Missing character: There is no , in font nullfont!
Missing character: There is no 3 in font nullfont!
Missing character: There is no 6 in font nullfont!
Missing character: There is no ) in font nullfont!
Missing character: There is no e in font nullfont!
Missing character: There is no l in font nullfont!
Missing character: There is no l in font nullfont!
Missing character: There is no i in font nullfont!
Missing character: There is no p in font nullfont!
Missing character: There is no s in font nullfont!
Missing character: There is no e in font nullfont!
Missing character: There is no ( in font nullfont!
Missing character: There is no 7 in font nullfont!
Missing character: There is no a in font nullfont!
Missing character: There is no n in font nullfont!
Missing character: There is no d in font nullfont!
Missing character: There is no 5 in font nullfont!
Missing character: There is no ) in font nullfont!
Missing character: There is no ; in font nullfont!
Missing character: There is no [ in font nullfont!
Missing character: There is no v in font nullfont!
Missing character: There is no e in font nullfont!
Missing character: There is no r in font nullfont!
Missing character: There is no y in font nullfont!
Missing character: There is no t in font nullfont!
Missing character: There is no h in font nullfont!
Missing character: There is no i in font nullfont!
Missing character: There is no c in font nullfont!
Missing character: There is no k in font nullfont!
Missing character: There is no , in font nullfont!
Missing character: There is no r in font nullfont!
Missing character: There is no o in font nullfont!
Missing character: There is no t in font nullfont!
Missing character: There is no a in font nullfont!
Missing character: There is no t in font nullfont!
Missing character: There is no e in font nullfont!
Missing character: There is no a in font nullfont!
Missing character: There is no r in font nullfont!
Missing character: There is no o in font nullfont!
Missing character: There is no u in font nullfont!
Missing character: There is no n in font nullfont!
Missing character: There is no d in font nullfont!
Missing character: There is no = in font nullfont!
Missing character: There is no 3 in font nullfont!
Missing character: There is no 0 in font nullfont!
Missing character: There is no : in font nullfont!
Missing character: There is no ( in font nullfont!
Missing character: There is no 4 in font nullfont!
Missing character: There is no 0 in font nullfont!
Missing character: There is no , in font nullfont!
Missing character: There is no 3 in font nullfont!
Missing character: There is no 7 in font nullfont!
Missing character: There is no ) in font nullfont!
Missing character: There is no ] in font nullfont!
Missing character: There is no ( in font nullfont!
Missing character: There is no 4 in font nullfont!
Missing character: There is no 0 in font nullfont!
Missing character: There is no , in font nullfont!
Missing character: There is no 3 in font nullfont!
Missing character: There is no 7 in font nullfont!
Missing character: There is no ) in font nullfont!
Missing character: There is no e in font nullfont!
Missing character: There is no l in font nullfont!
Missing character: There is no l in font nullfont!
Missing character: There is no i in font nullfont!
Missing character: There is no p in font nullfont!
Missing character: There is no s in font nullfont!
Missing character: There is no e in font nullfont!
Missing character: There is no ( in font nullfont!
Missing character: There is no 5 in font nullfont!
Missing character: There is no a in font nullfont!
Missing character: There is no n in font nullfont!
Missing character: There is no d in font nullfont!
Missing character: There is no 3 in font nullfont!
Missing character: There is no ) in font nullfont!
Missing character: There is no ; in font nullfont!
Missing character: There is no [ in font nullfont!
Missing character: There is no v in font nullfont!
Missing character: There is no e in font nullfont!
Missing character: There is no r in font nullfont!
Missing character: There is no y in font nullfont!
Missing character: There is no t in font nullfont!
Missing character: There is no h in font nullfont!
Missing character: There is no i in font nullfont!
Missing character: There is no c in font nullfont!
Missing character: There is no k in font nullfont!
Missing character: There is no , in font nullfont!
Missing character: There is no r in font nullfont!
Missing character: There is no o in font nullfont!
Missing character: There is no t in font nullfont!
Missing character: There is no a in font nullfont!
Missing character: There is no t in font nullfont!
Missing character: There is no e in font nullfont!
Missing character: There is no a in font nullfont!
Missing character: There is no r in font nullfont!
Missing character: There is no o in font nullfont!
Missing character: There is no u in font nullfont!
Missing character: There is no n in font nullfont!
Missing character: There is no d in font nullfont!
Missing character: There is no = in font nullfont!
Missing character: There is no - in font nullfont!
Missing character: There is no 2 in font nullfont!
Missing character: There is no 0 in font nullfont!
Missing character: There is no : in font nullfont!
Missing character: There is no ( in font nullfont!
Missing character: There is no 2 in font nullfont!
Missing character: There is no 4 in font nullfont!
Missing character: There is no , in font nullfont!
Missing character: There is no 2 in font nullfont!
Missing character: There is no 7 in font nullfont!
Missing character: There is no . in font nullfont!
Missing character: There is no 7 in font nullfont!
Missing character: There is no ) in font nullfont!
Missing character: There is no ] in font nullfont!
Missing character: There is no ( in font nullfont!
Missing character: There is no 2 in font nullfont!
Missing character: There is no 4 in font nullfont!
Missing character: There is no , in font nullfont!
Missing character: There is no 2 in font nullfont!
Missing character: There is no 7 in font nullfont!
Missing character: There is no ) in font nullfont!
Missing character: There is no e in font nullfont!
Missing character: There is no l in font nullfont!
Missing character: There is no l in font nullfont!
Missing character: There is no i in font nullfont!
Missing character: There is no p in font nullfont!
Missing character: There is no s in font nullfont!
Missing character: There is no e in font nullfont!
Missing character: There is no ( in font nullfont!
Missing character: There is no 7 in font nullfont!
Missing character: There is no a in font nullfont!
Missing character: There is no n in font nullfont!
Missing character: There is no d in font nullfont!
Missing character: There is no 6 in font nullfont!
Missing character: There is no ) in font nullfont!
Missing character: There is no ; in font nullfont!
Missing character: There is no [ in font nullfont!
Missing character: There is no v in font nullfont!
Missing character: There is no e in font nullfont!
Missing character: There is no r in font nullfont!
Missing character: There is no y in font nullfont!
Missing character: There is no t in font nullfont!
Missing character: There is no h in font nullfont!
Missing character: There is no i in font nullfont!
Missing character: There is no c in font nullfont!
Missing character: There is no k in font nullfont!
Missing character: There is no , in font nullfont!
Missing character: There is no r in font nullfont!
Missing character: There is no o in font nullfont!
Missing character: There is no t in font nullfont!
Missing character: There is no a in font nullfont!
Missing character: There is no t in font nullfont!
Missing character: There is no e in font nullfont!
Missing character: There is no a in font nullfont!
Missing character: There is no r in font nullfont!
Missing character: There is no o in font nullfont!
Missing character: There is no u in font nullfont!
Missing character: There is no n in font nullfont!
Missing character: There is no d in font nullfont!
Missing character: There is no = in font nullfont!
Missing character: There is no - in font nullfont!
Missing character: There is no 2 in font nullfont!
Missing character: There is no 0 in font nullfont!
Missing character: There is no : in font nullfont!
Missing character: There is no ( in font nullfont!
Missing character: There is no 2 in font nullfont!
Missing character: There is no 2 in font nullfont!
Missing character: There is no . in font nullfont!
Missing character: There is no 8 in font nullfont!
Missing character: There is no , in font nullfont!
Missing character: There is no 2 in font nullfont!
Missing character: There is no 6 in font nullfont!
Missing character: There is no ) in font nullfont!
Missing character: There is no ] in font nullfont!
Missing character: There is no ( in font nullfont!
Missing character: There is no 2 in font nullfont!
Missing character: There is no 2 in font nullfont!
Missing character: There is no . in font nullfont!
Missing character: There is no 8 in font nullfont!
Missing character: There is no , in font nullfont!
Missing character: There is no 2 in font nullfont!
Missing character: There is no 6 in font nullfont!
Missing character: There is no ) in font nullfont!
Missing character: There is no e in font nullfont!
Missing character: There is no l in font nullfont!
Missing character: There is no l in font nullfont!
Missing character: There is no i in font nullfont!
Missing character: There is no p in font nullfont!
Missing character: There is no s in font nullfont!
Missing character: There is no e in font nullfont!
Missing character: There is no ( in font nullfont!
Missing character: There is no 5 in font nullfont!
Missing character: There is no a in font nullfont!
Missing character: There is no n in font nullfont!
Missing character: There is no d in font nullfont!
Missing character: There is no 4 in font nullfont!
Missing character: There is no ) in font nullfont!
Missing character: There is no ; in font nullfont!

Overfull \hbox (3.8639pt too wide) in paragraph at lines 733--733
 [][] 
 []

[35

]
Missing character: There is no [ in font nullfont!
Missing character: There is no v in font nullfont!
Missing character: There is no e in font nullfont!
Missing character: There is no r in font nullfont!
Missing character: There is no y in font nullfont!
Missing character: There is no t in font nullfont!
Missing character: There is no h in font nullfont!
Missing character: There is no i in font nullfont!
Missing character: There is no c in font nullfont!
Missing character: There is no k in font nullfont!
Missing character: There is no , in font nullfont!
Missing character: There is no r in font nullfont!
Missing character: There is no o in font nullfont!
Missing character: There is no t in font nullfont!
Missing character: There is no a in font nullfont!
Missing character: There is no t in font nullfont!
Missing character: There is no e in font nullfont!
Missing character: There is no a in font nullfont!
Missing character: There is no r in font nullfont!
Missing character: There is no o in font nullfont!
Missing character: There is no u in font nullfont!
Missing character: There is no n in font nullfont!
Missing character: There is no d in font nullfont!
Missing character: There is no = in font nullfont!
Missing character: There is no 3 in font nullfont!
Missing character: There is no 0 in font nullfont!
Missing character: There is no : in font nullfont!
Missing character: There is no ( in font nullfont!
Missing character: There is no 4 in font nullfont!
Missing character: There is no 0 in font nullfont!
Missing character: There is no , in font nullfont!
Missing character: There is no 3 in font nullfont!
Missing character: There is no 6 in font nullfont!
Missing character: There is no ) in font nullfont!
Missing character: There is no ] in font nullfont!
Missing character: There is no ( in font nullfont!
Missing character: There is no 4 in font nullfont!
Missing character: There is no 0 in font nullfont!
Missing character: There is no , in font nullfont!
Missing character: There is no 3 in font nullfont!
Missing character: There is no 6 in font nullfont!
Missing character: There is no ) in font nullfont!
Missing character: There is no e in font nullfont!
Missing character: There is no l in font nullfont!
Missing character: There is no l in font nullfont!
Missing character: There is no i in font nullfont!
Missing character: There is no p in font nullfont!
Missing character: There is no s in font nullfont!
Missing character: There is no e in font nullfont!
Missing character: There is no ( in font nullfont!
Missing character: There is no 7 in font nullfont!
Missing character: There is no a in font nullfont!
Missing character: There is no n in font nullfont!
Missing character: There is no d in font nullfont!
Missing character: There is no 5 in font nullfont!
Missing character: There is no ) in font nullfont!
Missing character: There is no ; in font nullfont!
Missing character: There is no [ in font nullfont!
Missing character: There is no v in font nullfont!
Missing character: There is no e in font nullfont!
Missing character: There is no r in font nullfont!
Missing character: There is no y in font nullfont!
Missing character: There is no t in font nullfont!
Missing character: There is no h in font nullfont!
Missing character: There is no i in font nullfont!
Missing character: There is no c in font nullfont!
Missing character: There is no k in font nullfont!
Missing character: There is no , in font nullfont!
Missing character: There is no r in font nullfont!
Missing character: There is no o in font nullfont!
Missing character: There is no t in font nullfont!
Missing character: There is no a in font nullfont!
Missing character: There is no t in font nullfont!
Missing character: There is no e in font nullfont!
Missing character: There is no a in font nullfont!
Missing character: There is no r in font nullfont!
Missing character: There is no o in font nullfont!
Missing character: There is no u in font nullfont!
Missing character: There is no n in font nullfont!
Missing character: There is no d in font nullfont!
Missing character: There is no = in font nullfont!
Missing character: There is no 3 in font nullfont!
Missing character: There is no 0 in font nullfont!
Missing character: There is no : in font nullfont!
Missing character: There is no ( in font nullfont!
Missing character: There is no 4 in font nullfont!
Missing character: There is no 0 in font nullfont!
Missing character: There is no , in font nullfont!
Missing character: There is no 3 in font nullfont!
Missing character: There is no 7 in font nullfont!
Missing character: There is no ) in font nullfont!
Missing character: There is no ] in font nullfont!
Missing character: There is no ( in font nullfont!
Missing character: There is no 4 in font nullfont!
Missing character: There is no 0 in font nullfont!
Missing character: There is no , in font nullfont!
Missing character: There is no 3 in font nullfont!
Missing character: There is no 7 in font nullfont!
Missing character: There is no ) in font nullfont!
Missing character: There is no e in font nullfont!
Missing character: There is no l in font nullfont!
Missing character: There is no l in font nullfont!
Missing character: There is no i in font nullfont!
Missing character: There is no p in font nullfont!
Missing character: There is no s in font nullfont!
Missing character: There is no e in font nullfont!
Missing character: There is no ( in font nullfont!
Missing character: There is no 5 in font nullfont!
Missing character: There is no a in font nullfont!
Missing character: There is no n in font nullfont!
Missing character: There is no d in font nullfont!
Missing character: There is no 3 in font nullfont!
Missing character: There is no ) in font nullfont!
Missing character: There is no ; in font nullfont!
Missing character: There is no [ in font nullfont!
Missing character: There is no v in font nullfont!
Missing character: There is no e in font nullfont!
Missing character: There is no r in font nullfont!
Missing character: There is no y in font nullfont!
Missing character: There is no t in font nullfont!
Missing character: There is no h in font nullfont!
Missing character: There is no i in font nullfont!
Missing character: There is no c in font nullfont!
Missing character: There is no k in font nullfont!
Missing character: There is no , in font nullfont!
Missing character: There is no r in font nullfont!
Missing character: There is no o in font nullfont!
Missing character: There is no t in font nullfont!
Missing character: There is no a in font nullfont!
Missing character: There is no t in font nullfont!
Missing character: There is no e in font nullfont!
Missing character: There is no a in font nullfont!
Missing character: There is no r in font nullfont!
Missing character: There is no o in font nullfont!
Missing character: There is no u in font nullfont!
Missing character: There is no n in font nullfont!
Missing character: There is no d in font nullfont!
Missing character: There is no = in font nullfont!
Missing character: There is no - in font nullfont!
Missing character: There is no 2 in font nullfont!
Missing character: There is no 0 in font nullfont!
Missing character: There is no : in font nullfont!
Missing character: There is no ( in font nullfont!
Missing character: There is no 2 in font nullfont!
Missing character: There is no 4 in font nullfont!
Missing character: There is no , in font nullfont!
Missing character: There is no 2 in font nullfont!
Missing character: There is no 7 in font nullfont!
Missing character: There is no . in font nullfont!
Missing character: There is no 7 in font nullfont!
Missing character: There is no ) in font nullfont!
Missing character: There is no ] in font nullfont!
Missing character: There is no ( in font nullfont!
Missing character: There is no 2 in font nullfont!
Missing character: There is no 4 in font nullfont!
Missing character: There is no , in font nullfont!
Missing character: There is no 2 in font nullfont!
Missing character: There is no 7 in font nullfont!
Missing character: There is no ) in font nullfont!
Missing character: There is no e in font nullfont!
Missing character: There is no l in font nullfont!
Missing character: There is no l in font nullfont!
Missing character: There is no i in font nullfont!
Missing character: There is no p in font nullfont!
Missing character: There is no s in font nullfont!
Missing character: There is no e in font nullfont!
Missing character: There is no ( in font nullfont!
Missing character: There is no 7 in font nullfont!
Missing character: There is no a in font nullfont!
Missing character: There is no n in font nullfont!
Missing character: There is no d in font nullfont!
Missing character: There is no 6 in font nullfont!
Missing character: There is no ) in font nullfont!
Missing character: There is no ; in font nullfont!
Missing character: There is no [ in font nullfont!
Missing character: There is no v in font nullfont!
Missing character: There is no e in font nullfont!
Missing character: There is no r in font nullfont!
Missing character: There is no y in font nullfont!
Missing character: There is no t in font nullfont!
Missing character: There is no h in font nullfont!
Missing character: There is no i in font nullfont!
Missing character: There is no c in font nullfont!
Missing character: There is no k in font nullfont!
Missing character: There is no , in font nullfont!
Missing character: There is no r in font nullfont!
Missing character: There is no o in font nullfont!
Missing character: There is no t in font nullfont!
Missing character: There is no a in font nullfont!
Missing character: There is no t in font nullfont!
Missing character: There is no e in font nullfont!
Missing character: There is no a in font nullfont!
Missing character: There is no r in font nullfont!
Missing character: There is no o in font nullfont!
Missing character: There is no u in font nullfont!
Missing character: There is no n in font nullfont!
Missing character: There is no d in font nullfont!
Missing character: There is no = in font nullfont!
Missing character: There is no - in font nullfont!
Missing character: There is no 2 in font nullfont!
Missing character: There is no 0 in font nullfont!
Missing character: There is no : in font nullfont!
Missing character: There is no ( in font nullfont!
Missing character: There is no 2 in font nullfont!
Missing character: There is no 2 in font nullfont!
Missing character: There is no . in font nullfont!
Missing character: There is no 8 in font nullfont!
Missing character: There is no , in font nullfont!
Missing character: There is no 2 in font nullfont!
Missing character: There is no 6 in font nullfont!
Missing character: There is no ) in font nullfont!
Missing character: There is no ] in font nullfont!
Missing character: There is no ( in font nullfont!
Missing character: There is no 2 in font nullfont!
Missing character: There is no 2 in font nullfont!
Missing character: There is no . in font nullfont!
Missing character: There is no 8 in font nullfont!
Missing character: There is no , in font nullfont!
Missing character: There is no 2 in font nullfont!
Missing character: There is no 6 in font nullfont!
Missing character: There is no ) in font nullfont!
Missing character: There is no e in font nullfont!
Missing character: There is no l in font nullfont!
Missing character: There is no l in font nullfont!
Missing character: There is no i in font nullfont!
Missing character: There is no p in font nullfont!
Missing character: There is no s in font nullfont!
Missing character: There is no e in font nullfont!
Missing character: There is no ( in font nullfont!
Missing character: There is no 5 in font nullfont!
Missing character: There is no a in font nullfont!
Missing character: There is no n in font nullfont!
Missing character: There is no d in font nullfont!
Missing character: There is no 4 in font nullfont!
Missing character: There is no ) in font nullfont!
Missing character: There is no ; in font nullfont!

Overfull \hbox (3.8639pt too wide) in paragraph at lines 733--733
 [][] 
 []

[36

]
Missing character: There is no [ in font nullfont!
Missing character: There is no v in font nullfont!
Missing character: There is no e in font nullfont!
Missing character: There is no r in font nullfont!
Missing character: There is no y in font nullfont!
Missing character: There is no t in font nullfont!
Missing character: There is no h in font nullfont!
Missing character: There is no i in font nullfont!
Missing character: There is no c in font nullfont!
Missing character: There is no k in font nullfont!
Missing character: There is no , in font nullfont!
Missing character: There is no r in font nullfont!
Missing character: There is no o in font nullfont!
Missing character: There is no t in font nullfont!
Missing character: There is no a in font nullfont!
Missing character: There is no t in font nullfont!
Missing character: There is no e in font nullfont!
Missing character: There is no a in font nullfont!
Missing character: There is no r in font nullfont!
Missing character: There is no o in font nullfont!
Missing character: There is no u in font nullfont!
Missing character: There is no n in font nullfont!
Missing character: There is no d in font nullfont!
Missing character: There is no = in font nullfont!
Missing character: There is no 3 in font nullfont!
Missing character: There is no 0 in font nullfont!
Missing character: There is no : in font nullfont!
Missing character: There is no ( in font nullfont!
Missing character: There is no 4 in font nullfont!
Missing character: There is no 0 in font nullfont!
Missing character: There is no , in font nullfont!
Missing character: There is no 3 in font nullfont!
Missing character: There is no 6 in font nullfont!
Missing character: There is no ) in font nullfont!
Missing character: There is no ] in font nullfont!
Missing character: There is no ( in font nullfont!
Missing character: There is no 4 in font nullfont!
Missing character: There is no 0 in font nullfont!
Missing character: There is no , in font nullfont!
Missing character: There is no 3 in font nullfont!
Missing character: There is no 6 in font nullfont!
Missing character: There is no ) in font nullfont!
Missing character: There is no e in font nullfont!
Missing character: There is no l in font nullfont!
Missing character: There is no l in font nullfont!
Missing character: There is no i in font nullfont!
Missing character: There is no p in font nullfont!
Missing character: There is no s in font nullfont!
Missing character: There is no e in font nullfont!
Missing character: There is no ( in font nullfont!
Missing character: There is no 7 in font nullfont!
Missing character: There is no a in font nullfont!
Missing character: There is no n in font nullfont!
Missing character: There is no d in font nullfont!
Missing character: There is no 5 in font nullfont!
Missing character: There is no ) in font nullfont!
Missing character: There is no ; in font nullfont!
Missing character: There is no [ in font nullfont!
Missing character: There is no v in font nullfont!
Missing character: There is no e in font nullfont!
Missing character: There is no r in font nullfont!
Missing character: There is no y in font nullfont!
Missing character: There is no t in font nullfont!
Missing character: There is no h in font nullfont!
Missing character: There is no i in font nullfont!
Missing character: There is no c in font nullfont!
Missing character: There is no k in font nullfont!
Missing character: There is no , in font nullfont!
Missing character: There is no r in font nullfont!
Missing character: There is no o in font nullfont!
Missing character: There is no t in font nullfont!
Missing character: There is no a in font nullfont!
Missing character: There is no t in font nullfont!
Missing character: There is no e in font nullfont!
Missing character: There is no a in font nullfont!
Missing character: There is no r in font nullfont!
Missing character: There is no o in font nullfont!
Missing character: There is no u in font nullfont!
Missing character: There is no n in font nullfont!
Missing character: There is no d in font nullfont!
Missing character: There is no = in font nullfont!
Missing character: There is no 3 in font nullfont!
Missing character: There is no 0 in font nullfont!
Missing character: There is no : in font nullfont!
Missing character: There is no ( in font nullfont!
Missing character: There is no 4 in font nullfont!
Missing character: There is no 0 in font nullfont!
Missing character: There is no , in font nullfont!
Missing character: There is no 3 in font nullfont!
Missing character: There is no 7 in font nullfont!
Missing character: There is no ) in font nullfont!
Missing character: There is no ] in font nullfont!
Missing character: There is no ( in font nullfont!
Missing character: There is no 4 in font nullfont!
Missing character: There is no 0 in font nullfont!
Missing character: There is no , in font nullfont!
Missing character: There is no 3 in font nullfont!
Missing character: There is no 7 in font nullfont!
Missing character: There is no ) in font nullfont!
Missing character: There is no e in font nullfont!
Missing character: There is no l in font nullfont!
Missing character: There is no l in font nullfont!
Missing character: There is no i in font nullfont!
Missing character: There is no p in font nullfont!
Missing character: There is no s in font nullfont!
Missing character: There is no e in font nullfont!
Missing character: There is no ( in font nullfont!
Missing character: There is no 5 in font nullfont!
Missing character: There is no a in font nullfont!
Missing character: There is no n in font nullfont!
Missing character: There is no d in font nullfont!
Missing character: There is no 3 in font nullfont!
Missing character: There is no ) in font nullfont!
Missing character: There is no ; in font nullfont!
Missing character: There is no [ in font nullfont!
Missing character: There is no v in font nullfont!
Missing character: There is no e in font nullfont!
Missing character: There is no r in font nullfont!
Missing character: There is no y in font nullfont!
Missing character: There is no t in font nullfont!
Missing character: There is no h in font nullfont!
Missing character: There is no i in font nullfont!
Missing character: There is no c in font nullfont!
Missing character: There is no k in font nullfont!
Missing character: There is no , in font nullfont!
Missing character: There is no r in font nullfont!
Missing character: There is no o in font nullfont!
Missing character: There is no t in font nullfont!
Missing character: There is no a in font nullfont!
Missing character: There is no t in font nullfont!
Missing character: There is no e in font nullfont!
Missing character: There is no a in font nullfont!
Missing character: There is no r in font nullfont!
Missing character: There is no o in font nullfont!
Missing character: There is no u in font nullfont!
Missing character: There is no n in font nullfont!
Missing character: There is no d in font nullfont!
Missing character: There is no = in font nullfont!
Missing character: There is no - in font nullfont!
Missing character: There is no 2 in font nullfont!
Missing character: There is no 0 in font nullfont!
Missing character: There is no : in font nullfont!
Missing character: There is no ( in font nullfont!
Missing character: There is no 2 in font nullfont!
Missing character: There is no 4 in font nullfont!
Missing character: There is no , in font nullfont!
Missing character: There is no 2 in font nullfont!
Missing character: There is no 7 in font nullfont!
Missing character: There is no . in font nullfont!
Missing character: There is no 7 in font nullfont!
Missing character: There is no ) in font nullfont!
Missing character: There is no ] in font nullfont!
Missing character: There is no ( in font nullfont!
Missing character: There is no 2 in font nullfont!
Missing character: There is no 4 in font nullfont!
Missing character: There is no , in font nullfont!
Missing character: There is no 2 in font nullfont!
Missing character: There is no 7 in font nullfont!
Missing character: There is no ) in font nullfont!
Missing character: There is no e in font nullfont!
Missing character: There is no l in font nullfont!
Missing character: There is no l in font nullfont!
Missing character: There is no i in font nullfont!
Missing character: There is no p in font nullfont!
Missing character: There is no s in font nullfont!
Missing character: There is no e in font nullfont!
Missing character: There is no ( in font nullfont!
Missing character: There is no 7 in font nullfont!
Missing character: There is no a in font nullfont!
Missing character: There is no n in font nullfont!
Missing character: There is no d in font nullfont!
Missing character: There is no 6 in font nullfont!
Missing character: There is no ) in font nullfont!
Missing character: There is no ; in font nullfont!
Missing character: There is no [ in font nullfont!
Missing character: There is no v in font nullfont!
Missing character: There is no e in font nullfont!
Missing character: There is no r in font nullfont!
Missing character: There is no y in font nullfont!
Missing character: There is no t in font nullfont!
Missing character: There is no h in font nullfont!
Missing character: There is no i in font nullfont!
Missing character: There is no c in font nullfont!
Missing character: There is no k in font nullfont!
Missing character: There is no , in font nullfont!
Missing character: There is no r in font nullfont!
Missing character: There is no o in font nullfont!
Missing character: There is no t in font nullfont!
Missing character: There is no a in font nullfont!
Missing character: There is no t in font nullfont!
Missing character: There is no e in font nullfont!
Missing character: There is no a in font nullfont!
Missing character: There is no r in font nullfont!
Missing character: There is no o in font nullfont!
Missing character: There is no u in font nullfont!
Missing character: There is no n in font nullfont!
Missing character: There is no d in font nullfont!
Missing character: There is no = in font nullfont!
Missing character: There is no - in font nullfont!
Missing character: There is no 2 in font nullfont!
Missing character: There is no 0 in font nullfont!
Missing character: There is no : in font nullfont!
Missing character: There is no ( in font nullfont!
Missing character: There is no 2 in font nullfont!
Missing character: There is no 2 in font nullfont!
Missing character: There is no . in font nullfont!
Missing character: There is no 8 in font nullfont!
Missing character: There is no , in font nullfont!
Missing character: There is no 2 in font nullfont!
Missing character: There is no 6 in font nullfont!
Missing character: There is no ) in font nullfont!
Missing character: There is no ] in font nullfont!
Missing character: There is no ( in font nullfont!
Missing character: There is no 2 in font nullfont!
Missing character: There is no 2 in font nullfont!
Missing character: There is no . in font nullfont!
Missing character: There is no 8 in font nullfont!
Missing character: There is no , in font nullfont!
Missing character: There is no 2 in font nullfont!
Missing character: There is no 6 in font nullfont!
Missing character: There is no ) in font nullfont!
Missing character: There is no e in font nullfont!
Missing character: There is no l in font nullfont!
Missing character: There is no l in font nullfont!
Missing character: There is no i in font nullfont!
Missing character: There is no p in font nullfont!
Missing character: There is no s in font nullfont!
Missing character: There is no e in font nullfont!
Missing character: There is no ( in font nullfont!
Missing character: There is no 5 in font nullfont!
Missing character: There is no a in font nullfont!
Missing character: There is no n in font nullfont!
Missing character: There is no d in font nullfont!
Missing character: There is no 4 in font nullfont!
Missing character: There is no ) in font nullfont!
Missing character: There is no ; in font nullfont!

Overfull \hbox (3.8639pt too wide) in paragraph at lines 733--733
 [][] 
 []

[37

]
Missing character: There is no [ in font nullfont!
Missing character: There is no v in font nullfont!
Missing character: There is no e in font nullfont!
Missing character: There is no r in font nullfont!
Missing character: There is no y in font nullfont!
Missing character: There is no t in font nullfont!
Missing character: There is no h in font nullfont!
Missing character: There is no i in font nullfont!
Missing character: There is no c in font nullfont!
Missing character: There is no k in font nullfont!
Missing character: There is no , in font nullfont!
Missing character: There is no r in font nullfont!
Missing character: There is no o in font nullfont!
Missing character: There is no t in font nullfont!
Missing character: There is no a in font nullfont!
Missing character: There is no t in font nullfont!
Missing character: There is no e in font nullfont!
Missing character: There is no a in font nullfont!
Missing character: There is no r in font nullfont!
Missing character: There is no o in font nullfont!
Missing character: There is no u in font nullfont!
Missing character: There is no n in font nullfont!
Missing character: There is no d in font nullfont!
Missing character: There is no = in font nullfont!
Missing character: There is no 3 in font nullfont!
Missing character: There is no 0 in font nullfont!
Missing character: There is no : in font nullfont!
Missing character: There is no ( in font nullfont!
Missing character: There is no 4 in font nullfont!
Missing character: There is no 0 in font nullfont!
Missing character: There is no , in font nullfont!
Missing character: There is no 3 in font nullfont!
Missing character: There is no 6 in font nullfont!
Missing character: There is no ) in font nullfont!
Missing character: There is no ] in font nullfont!
Missing character: There is no ( in font nullfont!
Missing character: There is no 4 in font nullfont!
Missing character: There is no 0 in font nullfont!
Missing character: There is no , in font nullfont!
Missing character: There is no 3 in font nullfont!
Missing character: There is no 6 in font nullfont!
Missing character: There is no ) in font nullfont!
Missing character: There is no e in font nullfont!
Missing character: There is no l in font nullfont!
Missing character: There is no l in font nullfont!
Missing character: There is no i in font nullfont!
Missing character: There is no p in font nullfont!
Missing character: There is no s in font nullfont!
Missing character: There is no e in font nullfont!
Missing character: There is no ( in font nullfont!
Missing character: There is no 7 in font nullfont!
Missing character: There is no a in font nullfont!
Missing character: There is no n in font nullfont!
Missing character: There is no d in font nullfont!
Missing character: There is no 5 in font nullfont!
Missing character: There is no ) in font nullfont!
Missing character: There is no ; in font nullfont!
Missing character: There is no [ in font nullfont!
Missing character: There is no v in font nullfont!
Missing character: There is no e in font nullfont!
Missing character: There is no r in font nullfont!
Missing character: There is no y in font nullfont!
Missing character: There is no t in font nullfont!
Missing character: There is no h in font nullfont!
Missing character: There is no i in font nullfont!
Missing character: There is no c in font nullfont!
Missing character: There is no k in font nullfont!
Missing character: There is no , in font nullfont!
Missing character: There is no r in font nullfont!
Missing character: There is no o in font nullfont!
Missing character: There is no t in font nullfont!
Missing character: There is no a in font nullfont!
Missing character: There is no t in font nullfont!
Missing character: There is no e in font nullfont!
Missing character: There is no a in font nullfont!
Missing character: There is no r in font nullfont!
Missing character: There is no o in font nullfont!
Missing character: There is no u in font nullfont!
Missing character: There is no n in font nullfont!
Missing character: There is no d in font nullfont!
Missing character: There is no = in font nullfont!
Missing character: There is no 3 in font nullfont!
Missing character: There is no 0 in font nullfont!
Missing character: There is no : in font nullfont!
Missing character: There is no ( in font nullfont!
Missing character: There is no 4 in font nullfont!
Missing character: There is no 0 in font nullfont!
Missing character: There is no , in font nullfont!
Missing character: There is no 3 in font nullfont!
Missing character: There is no 7 in font nullfont!
Missing character: There is no ) in font nullfont!
Missing character: There is no ] in font nullfont!
Missing character: There is no ( in font nullfont!
Missing character: There is no 4 in font nullfont!
Missing character: There is no 0 in font nullfont!
Missing character: There is no , in font nullfont!
Missing character: There is no 3 in font nullfont!
Missing character: There is no 7 in font nullfont!
Missing character: There is no ) in font nullfont!
Missing character: There is no e in font nullfont!
Missing character: There is no l in font nullfont!
Missing character: There is no l in font nullfont!
Missing character: There is no i in font nullfont!
Missing character: There is no p in font nullfont!
Missing character: There is no s in font nullfont!
Missing character: There is no e in font nullfont!
Missing character: There is no ( in font nullfont!
Missing character: There is no 5 in font nullfont!
Missing character: There is no a in font nullfont!
Missing character: There is no n in font nullfont!
Missing character: There is no d in font nullfont!
Missing character: There is no 3 in font nullfont!
Missing character: There is no ) in font nullfont!
Missing character: There is no ; in font nullfont!
Missing character: There is no [ in font nullfont!
Missing character: There is no v in font nullfont!
Missing character: There is no e in font nullfont!
Missing character: There is no r in font nullfont!
Missing character: There is no y in font nullfont!
Missing character: There is no t in font nullfont!
Missing character: There is no h in font nullfont!
Missing character: There is no i in font nullfont!
Missing character: There is no c in font nullfont!
Missing character: There is no k in font nullfont!
Missing character: There is no , in font nullfont!
Missing character: There is no r in font nullfont!
Missing character: There is no o in font nullfont!
Missing character: There is no t in font nullfont!
Missing character: There is no a in font nullfont!
Missing character: There is no t in font nullfont!
Missing character: There is no e in font nullfont!
Missing character: There is no a in font nullfont!
Missing character: There is no r in font nullfont!
Missing character: There is no o in font nullfont!
Missing character: There is no u in font nullfont!
Missing character: There is no n in font nullfont!
Missing character: There is no d in font nullfont!
Missing character: There is no = in font nullfont!
Missing character: There is no - in font nullfont!
Missing character: There is no 2 in font nullfont!
Missing character: There is no 0 in font nullfont!
Missing character: There is no : in font nullfont!
Missing character: There is no ( in font nullfont!
Missing character: There is no 2 in font nullfont!
Missing character: There is no 4 in font nullfont!
Missing character: There is no , in font nullfont!
Missing character: There is no 2 in font nullfont!
Missing character: There is no 7 in font nullfont!
Missing character: There is no . in font nullfont!
Missing character: There is no 7 in font nullfont!
Missing character: There is no ) in font nullfont!
Missing character: There is no ] in font nullfont!
Missing character: There is no ( in font nullfont!
Missing character: There is no 2 in font nullfont!
Missing character: There is no 4 in font nullfont!
Missing character: There is no , in font nullfont!
Missing character: There is no 2 in font nullfont!
Missing character: There is no 7 in font nullfont!
Missing character: There is no ) in font nullfont!
Missing character: There is no e in font nullfont!
Missing character: There is no l in font nullfont!
Missing character: There is no l in font nullfont!
Missing character: There is no i in font nullfont!
Missing character: There is no p in font nullfont!
Missing character: There is no s in font nullfont!
Missing character: There is no e in font nullfont!
Missing character: There is no ( in font nullfont!
Missing character: There is no 7 in font nullfont!
Missing character: There is no a in font nullfont!
Missing character: There is no n in font nullfont!
Missing character: There is no d in font nullfont!
Missing character: There is no 6 in font nullfont!
Missing character: There is no ) in font nullfont!
Missing character: There is no ; in font nullfont!
Missing character: There is no [ in font nullfont!
Missing character: There is no v in font nullfont!
Missing character: There is no e in font nullfont!
Missing character: There is no r in font nullfont!
Missing character: There is no y in font nullfont!
Missing character: There is no t in font nullfont!
Missing character: There is no h in font nullfont!
Missing character: There is no i in font nullfont!
Missing character: There is no c in font nullfont!
Missing character: There is no k in font nullfont!
Missing character: There is no , in font nullfont!
Missing character: There is no r in font nullfont!
Missing character: There is no o in font nullfont!
Missing character: There is no t in font nullfont!
Missing character: There is no a in font nullfont!
Missing character: There is no t in font nullfont!
Missing character: There is no e in font nullfont!
Missing character: There is no a in font nullfont!
Missing character: There is no r in font nullfont!
Missing character: There is no o in font nullfont!
Missing character: There is no u in font nullfont!
Missing character: There is no n in font nullfont!
Missing character: There is no d in font nullfont!
Missing character: There is no = in font nullfont!
Missing character: There is no - in font nullfont!
Missing character: There is no 2 in font nullfont!
Missing character: There is no 0 in font nullfont!
Missing character: There is no : in font nullfont!
Missing character: There is no ( in font nullfont!
Missing character: There is no 2 in font nullfont!
Missing character: There is no 2 in font nullfont!
Missing character: There is no . in font nullfont!
Missing character: There is no 8 in font nullfont!
Missing character: There is no , in font nullfont!
Missing character: There is no 2 in font nullfont!
Missing character: There is no 6 in font nullfont!
Missing character: There is no ) in font nullfont!
Missing character: There is no ] in font nullfont!
Missing character: There is no ( in font nullfont!
Missing character: There is no 2 in font nullfont!
Missing character: There is no 2 in font nullfont!
Missing character: There is no . in font nullfont!
Missing character: There is no 8 in font nullfont!
Missing character: There is no , in font nullfont!
Missing character: There is no 2 in font nullfont!
Missing character: There is no 6 in font nullfont!
Missing character: There is no ) in font nullfont!
Missing character: There is no e in font nullfont!
Missing character: There is no l in font nullfont!
Missing character: There is no l in font nullfont!
Missing character: There is no i in font nullfont!
Missing character: There is no p in font nullfont!
Missing character: There is no s in font nullfont!
Missing character: There is no e in font nullfont!
Missing character: There is no ( in font nullfont!
Missing character: There is no 5 in font nullfont!
Missing character: There is no a in font nullfont!
Missing character: There is no n in font nullfont!
Missing character: There is no d in font nullfont!
Missing character: There is no 4 in font nullfont!
Missing character: There is no ) in font nullfont!
Missing character: There is no ; in font nullfont!

Overfull \hbox (3.8639pt too wide) in paragraph at lines 733--733
 [][] 
 []

[38

]
Missing character: There is no [ in font nullfont!
Missing character: There is no v in font nullfont!
Missing character: There is no e in font nullfont!
Missing character: There is no r in font nullfont!
Missing character: There is no y in font nullfont!
Missing character: There is no t in font nullfont!
Missing character: There is no h in font nullfont!
Missing character: There is no i in font nullfont!
Missing character: There is no c in font nullfont!
Missing character: There is no k in font nullfont!
Missing character: There is no , in font nullfont!
Missing character: There is no r in font nullfont!
Missing character: There is no o in font nullfont!
Missing character: There is no t in font nullfont!
Missing character: There is no a in font nullfont!
Missing character: There is no t in font nullfont!
Missing character: There is no e in font nullfont!
Missing character: There is no a in font nullfont!
Missing character: There is no r in font nullfont!
Missing character: There is no o in font nullfont!
Missing character: There is no u in font nullfont!
Missing character: There is no n in font nullfont!
Missing character: There is no d in font nullfont!
Missing character: There is no = in font nullfont!
Missing character: There is no 3 in font nullfont!
Missing character: There is no 0 in font nullfont!
Missing character: There is no : in font nullfont!
Missing character: There is no ( in font nullfont!
Missing character: There is no 4 in font nullfont!
Missing character: There is no 0 in font nullfont!
Missing character: There is no , in font nullfont!
Missing character: There is no 3 in font nullfont!
Missing character: There is no 6 in font nullfont!
Missing character: There is no ) in font nullfont!
Missing character: There is no ] in font nullfont!
Missing character: There is no ( in font nullfont!
Missing character: There is no 4 in font nullfont!
Missing character: There is no 0 in font nullfont!
Missing character: There is no , in font nullfont!
Missing character: There is no 3 in font nullfont!
Missing character: There is no 6 in font nullfont!
Missing character: There is no ) in font nullfont!
Missing character: There is no e in font nullfont!
Missing character: There is no l in font nullfont!
Missing character: There is no l in font nullfont!
Missing character: There is no i in font nullfont!
Missing character: There is no p in font nullfont!
Missing character: There is no s in font nullfont!
Missing character: There is no e in font nullfont!
Missing character: There is no ( in font nullfont!
Missing character: There is no 7 in font nullfont!
Missing character: There is no a in font nullfont!
Missing character: There is no n in font nullfont!
Missing character: There is no d in font nullfont!
Missing character: There is no 5 in font nullfont!
Missing character: There is no ) in font nullfont!
Missing character: There is no ; in font nullfont!
Missing character: There is no [ in font nullfont!
Missing character: There is no v in font nullfont!
Missing character: There is no e in font nullfont!
Missing character: There is no r in font nullfont!
Missing character: There is no y in font nullfont!
Missing character: There is no t in font nullfont!
Missing character: There is no h in font nullfont!
Missing character: There is no i in font nullfont!
Missing character: There is no c in font nullfont!
Missing character: There is no k in font nullfont!
Missing character: There is no , in font nullfont!
Missing character: There is no r in font nullfont!
Missing character: There is no o in font nullfont!
Missing character: There is no t in font nullfont!
Missing character: There is no a in font nullfont!
Missing character: There is no t in font nullfont!
Missing character: There is no e in font nullfont!
Missing character: There is no a in font nullfont!
Missing character: There is no r in font nullfont!
Missing character: There is no o in font nullfont!
Missing character: There is no u in font nullfont!
Missing character: There is no n in font nullfont!
Missing character: There is no d in font nullfont!
Missing character: There is no = in font nullfont!
Missing character: There is no 3 in font nullfont!
Missing character: There is no 0 in font nullfont!
Missing character: There is no : in font nullfont!
Missing character: There is no ( in font nullfont!
Missing character: There is no 4 in font nullfont!
Missing character: There is no 0 in font nullfont!
Missing character: There is no , in font nullfont!
Missing character: There is no 3 in font nullfont!
Missing character: There is no 7 in font nullfont!
Missing character: There is no ) in font nullfont!
Missing character: There is no ] in font nullfont!
Missing character: There is no ( in font nullfont!
Missing character: There is no 4 in font nullfont!
Missing character: There is no 0 in font nullfont!
Missing character: There is no , in font nullfont!
Missing character: There is no 3 in font nullfont!
Missing character: There is no 7 in font nullfont!
Missing character: There is no ) in font nullfont!
Missing character: There is no e in font nullfont!
Missing character: There is no l in font nullfont!
Missing character: There is no l in font nullfont!
Missing character: There is no i in font nullfont!
Missing character: There is no p in font nullfont!
Missing character: There is no s in font nullfont!
Missing character: There is no e in font nullfont!
Missing character: There is no ( in font nullfont!
Missing character: There is no 5 in font nullfont!
Missing character: There is no a in font nullfont!
Missing character: There is no n in font nullfont!
Missing character: There is no d in font nullfont!
Missing character: There is no 3 in font nullfont!
Missing character: There is no ) in font nullfont!
Missing character: There is no ; in font nullfont!
Missing character: There is no [ in font nullfont!
Missing character: There is no v in font nullfont!
Missing character: There is no e in font nullfont!
Missing character: There is no r in font nullfont!
Missing character: There is no y in font nullfont!
Missing character: There is no t in font nullfont!
Missing character: There is no h in font nullfont!
Missing character: There is no i in font nullfont!
Missing character: There is no c in font nullfont!
Missing character: There is no k in font nullfont!
Missing character: There is no , in font nullfont!
Missing character: There is no r in font nullfont!
Missing character: There is no o in font nullfont!
Missing character: There is no t in font nullfont!
Missing character: There is no a in font nullfont!
Missing character: There is no t in font nullfont!
Missing character: There is no e in font nullfont!
Missing character: There is no a in font nullfont!
Missing character: There is no r in font nullfont!
Missing character: There is no o in font nullfont!
Missing character: There is no u in font nullfont!
Missing character: There is no n in font nullfont!
Missing character: There is no d in font nullfont!
Missing character: There is no = in font nullfont!
Missing character: There is no - in font nullfont!
Missing character: There is no 2 in font nullfont!
Missing character: There is no 0 in font nullfont!
Missing character: There is no : in font nullfont!
Missing character: There is no ( in font nullfont!
Missing character: There is no 2 in font nullfont!
Missing character: There is no 4 in font nullfont!
Missing character: There is no , in font nullfont!
Missing character: There is no 2 in font nullfont!
Missing character: There is no 7 in font nullfont!
Missing character: There is no . in font nullfont!
Missing character: There is no 7 in font nullfont!
Missing character: There is no ) in font nullfont!
Missing character: There is no ] in font nullfont!
Missing character: There is no ( in font nullfont!
Missing character: There is no 2 in font nullfont!
Missing character: There is no 4 in font nullfont!
Missing character: There is no , in font nullfont!
Missing character: There is no 2 in font nullfont!
Missing character: There is no 7 in font nullfont!
Missing character: There is no ) in font nullfont!
Missing character: There is no e in font nullfont!
Missing character: There is no l in font nullfont!
Missing character: There is no l in font nullfont!
Missing character: There is no i in font nullfont!
Missing character: There is no p in font nullfont!
Missing character: There is no s in font nullfont!
Missing character: There is no e in font nullfont!
Missing character: There is no ( in font nullfont!
Missing character: There is no 7 in font nullfont!
Missing character: There is no a in font nullfont!
Missing character: There is no n in font nullfont!
Missing character: There is no d in font nullfont!
Missing character: There is no 6 in font nullfont!
Missing character: There is no ) in font nullfont!
Missing character: There is no ; in font nullfont!
Missing character: There is no [ in font nullfont!
Missing character: There is no v in font nullfont!
Missing character: There is no e in font nullfont!
Missing character: There is no r in font nullfont!
Missing character: There is no y in font nullfont!
Missing character: There is no t in font nullfont!
Missing character: There is no h in font nullfont!
Missing character: There is no i in font nullfont!
Missing character: There is no c in font nullfont!
Missing character: There is no k in font nullfont!
Missing character: There is no , in font nullfont!
Missing character: There is no r in font nullfont!
Missing character: There is no o in font nullfont!
Missing character: There is no t in font nullfont!
Missing character: There is no a in font nullfont!
Missing character: There is no t in font nullfont!
Missing character: There is no e in font nullfont!
Missing character: There is no a in font nullfont!
Missing character: There is no r in font nullfont!
Missing character: There is no o in font nullfont!
Missing character: There is no u in font nullfont!
Missing character: There is no n in font nullfont!
Missing character: There is no d in font nullfont!
Missing character: There is no = in font nullfont!
Missing character: There is no - in font nullfont!
Missing character: There is no 2 in font nullfont!
Missing character: There is no 0 in font nullfont!
Missing character: There is no : in font nullfont!
Missing character: There is no ( in font nullfont!
Missing character: There is no 2 in font nullfont!
Missing character: There is no 2 in font nullfont!
Missing character: There is no . in font nullfont!
Missing character: There is no 8 in font nullfont!
Missing character: There is no , in font nullfont!
Missing character: There is no 2 in font nullfont!
Missing character: There is no 6 in font nullfont!
Missing character: There is no ) in font nullfont!
Missing character: There is no ] in font nullfont!
Missing character: There is no ( in font nullfont!
Missing character: There is no 2 in font nullfont!
Missing character: There is no 2 in font nullfont!
Missing character: There is no . in font nullfont!
Missing character: There is no 8 in font nullfont!
Missing character: There is no , in font nullfont!
Missing character: There is no 2 in font nullfont!
Missing character: There is no 6 in font nullfont!
Missing character: There is no ) in font nullfont!
Missing character: There is no e in font nullfont!
Missing character: There is no l in font nullfont!
Missing character: There is no l in font nullfont!
Missing character: There is no i in font nullfont!
Missing character: There is no p in font nullfont!
Missing character: There is no s in font nullfont!
Missing character: There is no e in font nullfont!
Missing character: There is no ( in font nullfont!
Missing character: There is no 5 in font nullfont!
Missing character: There is no a in font nullfont!
Missing character: There is no n in font nullfont!
Missing character: There is no d in font nullfont!
Missing character: There is no 4 in font nullfont!
Missing character: There is no ) in font nullfont!
Missing character: There is no ; in font nullfont!

Overfull \hbox (3.8639pt too wide) in paragraph at lines 733--733
 [][] 
 []

[39

]
Missing character: There is no [ in font nullfont!
Missing character: There is no v in font nullfont!
Missing character: There is no e in font nullfont!
Missing character: There is no r in font nullfont!
Missing character: There is no y in font nullfont!
Missing character: There is no t in font nullfont!
Missing character: There is no h in font nullfont!
Missing character: There is no i in font nullfont!
Missing character: There is no c in font nullfont!
Missing character: There is no k in font nullfont!
Missing character: There is no , in font nullfont!
Missing character: There is no r in font nullfont!
Missing character: There is no o in font nullfont!
Missing character: There is no t in font nullfont!
Missing character: There is no a in font nullfont!
Missing character: There is no t in font nullfont!
Missing character: There is no e in font nullfont!
Missing character: There is no a in font nullfont!
Missing character: There is no r in font nullfont!
Missing character: There is no o in font nullfont!
Missing character: There is no u in font nullfont!
Missing character: There is no n in font nullfont!
Missing character: There is no d in font nullfont!
Missing character: There is no = in font nullfont!
Missing character: There is no 3 in font nullfont!
Missing character: There is no 0 in font nullfont!
Missing character: There is no : in font nullfont!
Missing character: There is no ( in font nullfont!
Missing character: There is no 4 in font nullfont!
Missing character: There is no 0 in font nullfont!
Missing character: There is no , in font nullfont!
Missing character: There is no 3 in font nullfont!
Missing character: There is no 6 in font nullfont!
Missing character: There is no ) in font nullfont!
Missing character: There is no ] in font nullfont!
Missing character: There is no ( in font nullfont!
Missing character: There is no 4 in font nullfont!
Missing character: There is no 0 in font nullfont!
Missing character: There is no , in font nullfont!
Missing character: There is no 3 in font nullfont!
Missing character: There is no 6 in font nullfont!
Missing character: There is no ) in font nullfont!
Missing character: There is no e in font nullfont!
Missing character: There is no l in font nullfont!
Missing character: There is no l in font nullfont!
Missing character: There is no i in font nullfont!
Missing character: There is no p in font nullfont!
Missing character: There is no s in font nullfont!
Missing character: There is no e in font nullfont!
Missing character: There is no ( in font nullfont!
Missing character: There is no 7 in font nullfont!
Missing character: There is no a in font nullfont!
Missing character: There is no n in font nullfont!
Missing character: There is no d in font nullfont!
Missing character: There is no 5 in font nullfont!
Missing character: There is no ) in font nullfont!
Missing character: There is no ; in font nullfont!
Missing character: There is no [ in font nullfont!
Missing character: There is no v in font nullfont!
Missing character: There is no e in font nullfont!
Missing character: There is no r in font nullfont!
Missing character: There is no y in font nullfont!
Missing character: There is no t in font nullfont!
Missing character: There is no h in font nullfont!
Missing character: There is no i in font nullfont!
Missing character: There is no c in font nullfont!
Missing character: There is no k in font nullfont!
Missing character: There is no , in font nullfont!
Missing character: There is no r in font nullfont!
Missing character: There is no o in font nullfont!
Missing character: There is no t in font nullfont!
Missing character: There is no a in font nullfont!
Missing character: There is no t in font nullfont!
Missing character: There is no e in font nullfont!
Missing character: There is no a in font nullfont!
Missing character: There is no r in font nullfont!
Missing character: There is no o in font nullfont!
Missing character: There is no u in font nullfont!
Missing character: There is no n in font nullfont!
Missing character: There is no d in font nullfont!
Missing character: There is no = in font nullfont!
Missing character: There is no 3 in font nullfont!
Missing character: There is no 0 in font nullfont!
Missing character: There is no : in font nullfont!
Missing character: There is no ( in font nullfont!
Missing character: There is no 4 in font nullfont!
Missing character: There is no 0 in font nullfont!
Missing character: There is no , in font nullfont!
Missing character: There is no 3 in font nullfont!
Missing character: There is no 7 in font nullfont!
Missing character: There is no ) in font nullfont!
Missing character: There is no ] in font nullfont!
Missing character: There is no ( in font nullfont!
Missing character: There is no 4 in font nullfont!
Missing character: There is no 0 in font nullfont!
Missing character: There is no , in font nullfont!
Missing character: There is no 3 in font nullfont!
Missing character: There is no 7 in font nullfont!
Missing character: There is no ) in font nullfont!
Missing character: There is no e in font nullfont!
Missing character: There is no l in font nullfont!
Missing character: There is no l in font nullfont!
Missing character: There is no i in font nullfont!
Missing character: There is no p in font nullfont!
Missing character: There is no s in font nullfont!
Missing character: There is no e in font nullfont!
Missing character: There is no ( in font nullfont!
Missing character: There is no 5 in font nullfont!
Missing character: There is no a in font nullfont!
Missing character: There is no n in font nullfont!
Missing character: There is no d in font nullfont!
Missing character: There is no 3 in font nullfont!
Missing character: There is no ) in font nullfont!
Missing character: There is no ; in font nullfont!
Missing character: There is no [ in font nullfont!
Missing character: There is no v in font nullfont!
Missing character: There is no e in font nullfont!
Missing character: There is no r in font nullfont!
Missing character: There is no y in font nullfont!
Missing character: There is no t in font nullfont!
Missing character: There is no h in font nullfont!
Missing character: There is no i in font nullfont!
Missing character: There is no c in font nullfont!
Missing character: There is no k in font nullfont!
Missing character: There is no , in font nullfont!
Missing character: There is no r in font nullfont!
Missing character: There is no o in font nullfont!
Missing character: There is no t in font nullfont!
Missing character: There is no a in font nullfont!
Missing character: There is no t in font nullfont!
Missing character: There is no e in font nullfont!
Missing character: There is no a in font nullfont!
Missing character: There is no r in font nullfont!
Missing character: There is no o in font nullfont!
Missing character: There is no u in font nullfont!
Missing character: There is no n in font nullfont!
Missing character: There is no d in font nullfont!
Missing character: There is no = in font nullfont!
Missing character: There is no - in font nullfont!
Missing character: There is no 2 in font nullfont!
Missing character: There is no 0 in font nullfont!
Missing character: There is no : in font nullfont!
Missing character: There is no ( in font nullfont!
Missing character: There is no 2 in font nullfont!
Missing character: There is no 4 in font nullfont!
Missing character: There is no , in font nullfont!
Missing character: There is no 2 in font nullfont!
Missing character: There is no 7 in font nullfont!
Missing character: There is no . in font nullfont!
Missing character: There is no 7 in font nullfont!
Missing character: There is no ) in font nullfont!
Missing character: There is no ] in font nullfont!
Missing character: There is no ( in font nullfont!
Missing character: There is no 2 in font nullfont!
Missing character: There is no 4 in font nullfont!
Missing character: There is no , in font nullfont!
Missing character: There is no 2 in font nullfont!
Missing character: There is no 7 in font nullfont!
Missing character: There is no ) in font nullfont!
Missing character: There is no e in font nullfont!
Missing character: There is no l in font nullfont!
Missing character: There is no l in font nullfont!
Missing character: There is no i in font nullfont!
Missing character: There is no p in font nullfont!
Missing character: There is no s in font nullfont!
Missing character: There is no e in font nullfont!
Missing character: There is no ( in font nullfont!
Missing character: There is no 7 in font nullfont!
Missing character: There is no a in font nullfont!
Missing character: There is no n in font nullfont!
Missing character: There is no d in font nullfont!
Missing character: There is no 6 in font nullfont!
Missing character: There is no ) in font nullfont!
Missing character: There is no ; in font nullfont!
Missing character: There is no [ in font nullfont!
Missing character: There is no v in font nullfont!
Missing character: There is no e in font nullfont!
Missing character: There is no r in font nullfont!
Missing character: There is no y in font nullfont!
Missing character: There is no t in font nullfont!
Missing character: There is no h in font nullfont!
Missing character: There is no i in font nullfont!
Missing character: There is no c in font nullfont!
Missing character: There is no k in font nullfont!
Missing character: There is no , in font nullfont!
Missing character: There is no r in font nullfont!
Missing character: There is no o in font nullfont!
Missing character: There is no t in font nullfont!
Missing character: There is no a in font nullfont!
Missing character: There is no t in font nullfont!
Missing character: There is no e in font nullfont!
Missing character: There is no a in font nullfont!
Missing character: There is no r in font nullfont!
Missing character: There is no o in font nullfont!
Missing character: There is no u in font nullfont!
Missing character: There is no n in font nullfont!
Missing character: There is no d in font nullfont!
Missing character: There is no = in font nullfont!
Missing character: There is no - in font nullfont!
Missing character: There is no 2 in font nullfont!
Missing character: There is no 0 in font nullfont!
Missing character: There is no : in font nullfont!
Missing character: There is no ( in font nullfont!
Missing character: There is no 2 in font nullfont!
Missing character: There is no 2 in font nullfont!
Missing character: There is no . in font nullfont!
Missing character: There is no 8 in font nullfont!
Missing character: There is no , in font nullfont!
Missing character: There is no 2 in font nullfont!
Missing character: There is no 6 in font nullfont!
Missing character: There is no ) in font nullfont!
Missing character: There is no ] in font nullfont!
Missing character: There is no ( in font nullfont!
Missing character: There is no 2 in font nullfont!
Missing character: There is no 2 in font nullfont!
Missing character: There is no . in font nullfont!
Missing character: There is no 8 in font nullfont!
Missing character: There is no , in font nullfont!
Missing character: There is no 2 in font nullfont!
Missing character: There is no 6 in font nullfont!
Missing character: There is no ) in font nullfont!
Missing character: There is no e in font nullfont!
Missing character: There is no l in font nullfont!
Missing character: There is no l in font nullfont!
Missing character: There is no i in font nullfont!
Missing character: There is no p in font nullfont!
Missing character: There is no s in font nullfont!
Missing character: There is no e in font nullfont!
Missing character: There is no ( in font nullfont!
Missing character: There is no 5 in font nullfont!
Missing character: There is no a in font nullfont!
Missing character: There is no n in font nullfont!
Missing character: There is no d in font nullfont!
Missing character: There is no 4 in font nullfont!
Missing character: There is no ) in font nullfont!
Missing character: There is no ; in font nullfont!

Overfull \hbox (3.8639pt too wide) in paragraph at lines 733--733
 [][] 
 []

[40

]
Missing character: There is no [ in font nullfont!
Missing character: There is no v in font nullfont!
Missing character: There is no e in font nullfont!
Missing character: There is no r in font nullfont!
Missing character: There is no y in font nullfont!
Missing character: There is no t in font nullfont!
Missing character: There is no h in font nullfont!
Missing character: There is no i in font nullfont!
Missing character: There is no c in font nullfont!
Missing character: There is no k in font nullfont!
Missing character: There is no , in font nullfont!
Missing character: There is no r in font nullfont!
Missing character: There is no o in font nullfont!
Missing character: There is no t in font nullfont!
Missing character: There is no a in font nullfont!
Missing character: There is no t in font nullfont!
Missing character: There is no e in font nullfont!
Missing character: There is no a in font nullfont!
Missing character: There is no r in font nullfont!
Missing character: There is no o in font nullfont!
Missing character: There is no u in font nullfont!
Missing character: There is no n in font nullfont!
Missing character: There is no d in font nullfont!
Missing character: There is no = in font nullfont!
Missing character: There is no 3 in font nullfont!
Missing character: There is no 0 in font nullfont!
Missing character: There is no : in font nullfont!
Missing character: There is no ( in font nullfont!
Missing character: There is no 4 in font nullfont!
Missing character: There is no 0 in font nullfont!
Missing character: There is no , in font nullfont!
Missing character: There is no 3 in font nullfont!
Missing character: There is no 6 in font nullfont!
Missing character: There is no ) in font nullfont!
Missing character: There is no ] in font nullfont!
Missing character: There is no ( in font nullfont!
Missing character: There is no 4 in font nullfont!
Missing character: There is no 0 in font nullfont!
Missing character: There is no , in font nullfont!
Missing character: There is no 3 in font nullfont!
Missing character: There is no 6 in font nullfont!
Missing character: There is no ) in font nullfont!
Missing character: There is no e in font nullfont!
Missing character: There is no l in font nullfont!
Missing character: There is no l in font nullfont!
Missing character: There is no i in font nullfont!
Missing character: There is no p in font nullfont!
Missing character: There is no s in font nullfont!
Missing character: There is no e in font nullfont!
Missing character: There is no ( in font nullfont!
Missing character: There is no 7 in font nullfont!
Missing character: There is no a in font nullfont!
Missing character: There is no n in font nullfont!
Missing character: There is no d in font nullfont!
Missing character: There is no 5 in font nullfont!
Missing character: There is no ) in font nullfont!
Missing character: There is no ; in font nullfont!
Missing character: There is no [ in font nullfont!
Missing character: There is no v in font nullfont!
Missing character: There is no e in font nullfont!
Missing character: There is no r in font nullfont!
Missing character: There is no y in font nullfont!
Missing character: There is no t in font nullfont!
Missing character: There is no h in font nullfont!
Missing character: There is no i in font nullfont!
Missing character: There is no c in font nullfont!
Missing character: There is no k in font nullfont!
Missing character: There is no , in font nullfont!
Missing character: There is no r in font nullfont!
Missing character: There is no o in font nullfont!
Missing character: There is no t in font nullfont!
Missing character: There is no a in font nullfont!
Missing character: There is no t in font nullfont!
Missing character: There is no e in font nullfont!
Missing character: There is no a in font nullfont!
Missing character: There is no r in font nullfont!
Missing character: There is no o in font nullfont!
Missing character: There is no u in font nullfont!
Missing character: There is no n in font nullfont!
Missing character: There is no d in font nullfont!
Missing character: There is no = in font nullfont!
Missing character: There is no 3 in font nullfont!
Missing character: There is no 0 in font nullfont!
Missing character: There is no : in font nullfont!
Missing character: There is no ( in font nullfont!
Missing character: There is no 4 in font nullfont!
Missing character: There is no 0 in font nullfont!
Missing character: There is no , in font nullfont!
Missing character: There is no 3 in font nullfont!
Missing character: There is no 7 in font nullfont!
Missing character: There is no ) in font nullfont!
Missing character: There is no ] in font nullfont!
Missing character: There is no ( in font nullfont!
Missing character: There is no 4 in font nullfont!
Missing character: There is no 0 in font nullfont!
Missing character: There is no , in font nullfont!
Missing character: There is no 3 in font nullfont!
Missing character: There is no 7 in font nullfont!
Missing character: There is no ) in font nullfont!
Missing character: There is no e in font nullfont!
Missing character: There is no l in font nullfont!
Missing character: There is no l in font nullfont!
Missing character: There is no i in font nullfont!
Missing character: There is no p in font nullfont!
Missing character: There is no s in font nullfont!
Missing character: There is no e in font nullfont!
Missing character: There is no ( in font nullfont!
Missing character: There is no 5 in font nullfont!
Missing character: There is no a in font nullfont!
Missing character: There is no n in font nullfont!
Missing character: There is no d in font nullfont!
Missing character: There is no 3 in font nullfont!
Missing character: There is no ) in font nullfont!
Missing character: There is no ; in font nullfont!
Missing character: There is no [ in font nullfont!
Missing character: There is no v in font nullfont!
Missing character: There is no e in font nullfont!
Missing character: There is no r in font nullfont!
Missing character: There is no y in font nullfont!
Missing character: There is no t in font nullfont!
Missing character: There is no h in font nullfont!
Missing character: There is no i in font nullfont!
Missing character: There is no c in font nullfont!
Missing character: There is no k in font nullfont!
Missing character: There is no , in font nullfont!
Missing character: There is no r in font nullfont!
Missing character: There is no o in font nullfont!
Missing character: There is no t in font nullfont!
Missing character: There is no a in font nullfont!
Missing character: There is no t in font nullfont!
Missing character: There is no e in font nullfont!
Missing character: There is no a in font nullfont!
Missing character: There is no r in font nullfont!
Missing character: There is no o in font nullfont!
Missing character: There is no u in font nullfont!
Missing character: There is no n in font nullfont!
Missing character: There is no d in font nullfont!
Missing character: There is no = in font nullfont!
Missing character: There is no - in font nullfont!
Missing character: There is no 2 in font nullfont!
Missing character: There is no 0 in font nullfont!
Missing character: There is no : in font nullfont!
Missing character: There is no ( in font nullfont!
Missing character: There is no 2 in font nullfont!
Missing character: There is no 4 in font nullfont!
Missing character: There is no , in font nullfont!
Missing character: There is no 2 in font nullfont!
Missing character: There is no 7 in font nullfont!
Missing character: There is no . in font nullfont!
Missing character: There is no 7 in font nullfont!
Missing character: There is no ) in font nullfont!
Missing character: There is no ] in font nullfont!
Missing character: There is no ( in font nullfont!
Missing character: There is no 2 in font nullfont!
Missing character: There is no 4 in font nullfont!
Missing character: There is no , in font nullfont!
Missing character: There is no 2 in font nullfont!
Missing character: There is no 7 in font nullfont!
Missing character: There is no ) in font nullfont!
Missing character: There is no e in font nullfont!
Missing character: There is no l in font nullfont!
Missing character: There is no l in font nullfont!
Missing character: There is no i in font nullfont!
Missing character: There is no p in font nullfont!
Missing character: There is no s in font nullfont!
Missing character: There is no e in font nullfont!
Missing character: There is no ( in font nullfont!
Missing character: There is no 7 in font nullfont!
Missing character: There is no a in font nullfont!
Missing character: There is no n in font nullfont!
Missing character: There is no d in font nullfont!
Missing character: There is no 6 in font nullfont!
Missing character: There is no ) in font nullfont!
Missing character: There is no ; in font nullfont!
Missing character: There is no [ in font nullfont!
Missing character: There is no v in font nullfont!
Missing character: There is no e in font nullfont!
Missing character: There is no r in font nullfont!
Missing character: There is no y in font nullfont!
Missing character: There is no t in font nullfont!
Missing character: There is no h in font nullfont!
Missing character: There is no i in font nullfont!
Missing character: There is no c in font nullfont!
Missing character: There is no k in font nullfont!
Missing character: There is no , in font nullfont!
Missing character: There is no r in font nullfont!
Missing character: There is no o in font nullfont!
Missing character: There is no t in font nullfont!
Missing character: There is no a in font nullfont!
Missing character: There is no t in font nullfont!
Missing character: There is no e in font nullfont!
Missing character: There is no a in font nullfont!
Missing character: There is no r in font nullfont!
Missing character: There is no o in font nullfont!
Missing character: There is no u in font nullfont!
Missing character: There is no n in font nullfont!
Missing character: There is no d in font nullfont!
Missing character: There is no = in font nullfont!
Missing character: There is no - in font nullfont!
Missing character: There is no 2 in font nullfont!
Missing character: There is no 0 in font nullfont!
Missing character: There is no : in font nullfont!
Missing character: There is no ( in font nullfont!
Missing character: There is no 2 in font nullfont!
Missing character: There is no 2 in font nullfont!
Missing character: There is no . in font nullfont!
Missing character: There is no 8 in font nullfont!
Missing character: There is no , in font nullfont!
Missing character: There is no 2 in font nullfont!
Missing character: There is no 6 in font nullfont!
Missing character: There is no ) in font nullfont!
Missing character: There is no ] in font nullfont!
Missing character: There is no ( in font nullfont!
Missing character: There is no 2 in font nullfont!
Missing character: There is no 2 in font nullfont!
Missing character: There is no . in font nullfont!
Missing character: There is no 8 in font nullfont!
Missing character: There is no , in font nullfont!
Missing character: There is no 2 in font nullfont!
Missing character: There is no 6 in font nullfont!
Missing character: There is no ) in font nullfont!
Missing character: There is no e in font nullfont!
Missing character: There is no l in font nullfont!
Missing character: There is no l in font nullfont!
Missing character: There is no i in font nullfont!
Missing character: There is no p in font nullfont!
Missing character: There is no s in font nullfont!
Missing character: There is no e in font nullfont!
Missing character: There is no ( in font nullfont!
Missing character: There is no 5 in font nullfont!
Missing character: There is no a in font nullfont!
Missing character: There is no n in font nullfont!
Missing character: There is no d in font nullfont!
Missing character: There is no 4 in font nullfont!
Missing character: There is no ) in font nullfont!
Missing character: There is no ; in font nullfont!

Overfull \hbox (3.8639pt too wide) in paragraph at lines 733--733
 [][] 
 []

[41

]
Missing character: There is no [ in font nullfont!
Missing character: There is no v in font nullfont!
Missing character: There is no e in font nullfont!
Missing character: There is no r in font nullfont!
Missing character: There is no y in font nullfont!
Missing character: There is no t in font nullfont!
Missing character: There is no h in font nullfont!
Missing character: There is no i in font nullfont!
Missing character: There is no c in font nullfont!
Missing character: There is no k in font nullfont!
Missing character: There is no , in font nullfont!
Missing character: There is no r in font nullfont!
Missing character: There is no o in font nullfont!
Missing character: There is no t in font nullfont!
Missing character: There is no a in font nullfont!
Missing character: There is no t in font nullfont!
Missing character: There is no e in font nullfont!
Missing character: There is no a in font nullfont!
Missing character: There is no r in font nullfont!
Missing character: There is no o in font nullfont!
Missing character: There is no u in font nullfont!
Missing character: There is no n in font nullfont!
Missing character: There is no d in font nullfont!
Missing character: There is no = in font nullfont!
Missing character: There is no 3 in font nullfont!
Missing character: There is no 0 in font nullfont!
Missing character: There is no : in font nullfont!
Missing character: There is no ( in font nullfont!
Missing character: There is no 4 in font nullfont!
Missing character: There is no 0 in font nullfont!
Missing character: There is no , in font nullfont!
Missing character: There is no 3 in font nullfont!
Missing character: There is no 6 in font nullfont!
Missing character: There is no ) in font nullfont!
Missing character: There is no ] in font nullfont!
Missing character: There is no ( in font nullfont!
Missing character: There is no 4 in font nullfont!
Missing character: There is no 0 in font nullfont!
Missing character: There is no , in font nullfont!
Missing character: There is no 3 in font nullfont!
Missing character: There is no 6 in font nullfont!
Missing character: There is no ) in font nullfont!
Missing character: There is no e in font nullfont!
Missing character: There is no l in font nullfont!
Missing character: There is no l in font nullfont!
Missing character: There is no i in font nullfont!
Missing character: There is no p in font nullfont!
Missing character: There is no s in font nullfont!
Missing character: There is no e in font nullfont!
Missing character: There is no ( in font nullfont!
Missing character: There is no 7 in font nullfont!
Missing character: There is no a in font nullfont!
Missing character: There is no n in font nullfont!
Missing character: There is no d in font nullfont!
Missing character: There is no 5 in font nullfont!
Missing character: There is no ) in font nullfont!
Missing character: There is no ; in font nullfont!
Missing character: There is no [ in font nullfont!
Missing character: There is no v in font nullfont!
Missing character: There is no e in font nullfont!
Missing character: There is no r in font nullfont!
Missing character: There is no y in font nullfont!
Missing character: There is no t in font nullfont!
Missing character: There is no h in font nullfont!
Missing character: There is no i in font nullfont!
Missing character: There is no c in font nullfont!
Missing character: There is no k in font nullfont!
Missing character: There is no , in font nullfont!
Missing character: There is no r in font nullfont!
Missing character: There is no o in font nullfont!
Missing character: There is no t in font nullfont!
Missing character: There is no a in font nullfont!
Missing character: There is no t in font nullfont!
Missing character: There is no e in font nullfont!
Missing character: There is no a in font nullfont!
Missing character: There is no r in font nullfont!
Missing character: There is no o in font nullfont!
Missing character: There is no u in font nullfont!
Missing character: There is no n in font nullfont!
Missing character: There is no d in font nullfont!
Missing character: There is no = in font nullfont!
Missing character: There is no 3 in font nullfont!
Missing character: There is no 0 in font nullfont!
Missing character: There is no : in font nullfont!
Missing character: There is no ( in font nullfont!
Missing character: There is no 4 in font nullfont!
Missing character: There is no 0 in font nullfont!
Missing character: There is no , in font nullfont!
Missing character: There is no 3 in font nullfont!
Missing character: There is no 7 in font nullfont!
Missing character: There is no ) in font nullfont!
Missing character: There is no ] in font nullfont!
Missing character: There is no ( in font nullfont!
Missing character: There is no 4 in font nullfont!
Missing character: There is no 0 in font nullfont!
Missing character: There is no , in font nullfont!
Missing character: There is no 3 in font nullfont!
Missing character: There is no 7 in font nullfont!
Missing character: There is no ) in font nullfont!
Missing character: There is no e in font nullfont!
Missing character: There is no l in font nullfont!
Missing character: There is no l in font nullfont!
Missing character: There is no i in font nullfont!
Missing character: There is no p in font nullfont!
Missing character: There is no s in font nullfont!
Missing character: There is no e in font nullfont!
Missing character: There is no ( in font nullfont!
Missing character: There is no 5 in font nullfont!
Missing character: There is no a in font nullfont!
Missing character: There is no n in font nullfont!
Missing character: There is no d in font nullfont!
Missing character: There is no 3 in font nullfont!
Missing character: There is no ) in font nullfont!
Missing character: There is no ; in font nullfont!
Missing character: There is no [ in font nullfont!
Missing character: There is no v in font nullfont!
Missing character: There is no e in font nullfont!
Missing character: There is no r in font nullfont!
Missing character: There is no y in font nullfont!
Missing character: There is no t in font nullfont!
Missing character: There is no h in font nullfont!
Missing character: There is no i in font nullfont!
Missing character: There is no c in font nullfont!
Missing character: There is no k in font nullfont!
Missing character: There is no , in font nullfont!
Missing character: There is no r in font nullfont!
Missing character: There is no o in font nullfont!
Missing character: There is no t in font nullfont!
Missing character: There is no a in font nullfont!
Missing character: There is no t in font nullfont!
Missing character: There is no e in font nullfont!
Missing character: There is no a in font nullfont!
Missing character: There is no r in font nullfont!
Missing character: There is no o in font nullfont!
Missing character: There is no u in font nullfont!
Missing character: There is no n in font nullfont!
Missing character: There is no d in font nullfont!
Missing character: There is no = in font nullfont!
Missing character: There is no - in font nullfont!
Missing character: There is no 2 in font nullfont!
Missing character: There is no 0 in font nullfont!
Missing character: There is no : in font nullfont!
Missing character: There is no ( in font nullfont!
Missing character: There is no 2 in font nullfont!
Missing character: There is no 4 in font nullfont!
Missing character: There is no , in font nullfont!
Missing character: There is no 2 in font nullfont!
Missing character: There is no 7 in font nullfont!
Missing character: There is no . in font nullfont!
Missing character: There is no 7 in font nullfont!
Missing character: There is no ) in font nullfont!
Missing character: There is no ] in font nullfont!
Missing character: There is no ( in font nullfont!
Missing character: There is no 2 in font nullfont!
Missing character: There is no 4 in font nullfont!
Missing character: There is no , in font nullfont!
Missing character: There is no 2 in font nullfont!
Missing character: There is no 7 in font nullfont!
Missing character: There is no ) in font nullfont!
Missing character: There is no e in font nullfont!
Missing character: There is no l in font nullfont!
Missing character: There is no l in font nullfont!
Missing character: There is no i in font nullfont!
Missing character: There is no p in font nullfont!
Missing character: There is no s in font nullfont!
Missing character: There is no e in font nullfont!
Missing character: There is no ( in font nullfont!
Missing character: There is no 7 in font nullfont!
Missing character: There is no a in font nullfont!
Missing character: There is no n in font nullfont!
Missing character: There is no d in font nullfont!
Missing character: There is no 6 in font nullfont!
Missing character: There is no ) in font nullfont!
Missing character: There is no ; in font nullfont!
Missing character: There is no [ in font nullfont!
Missing character: There is no v in font nullfont!
Missing character: There is no e in font nullfont!
Missing character: There is no r in font nullfont!
Missing character: There is no y in font nullfont!
Missing character: There is no t in font nullfont!
Missing character: There is no h in font nullfont!
Missing character: There is no i in font nullfont!
Missing character: There is no c in font nullfont!
Missing character: There is no k in font nullfont!
Missing character: There is no , in font nullfont!
Missing character: There is no r in font nullfont!
Missing character: There is no o in font nullfont!
Missing character: There is no t in font nullfont!
Missing character: There is no a in font nullfont!
Missing character: There is no t in font nullfont!
Missing character: There is no e in font nullfont!
Missing character: There is no a in font nullfont!
Missing character: There is no r in font nullfont!
Missing character: There is no o in font nullfont!
Missing character: There is no u in font nullfont!
Missing character: There is no n in font nullfont!
Missing character: There is no d in font nullfont!
Missing character: There is no = in font nullfont!
Missing character: There is no - in font nullfont!
Missing character: There is no 2 in font nullfont!
Missing character: There is no 0 in font nullfont!
Missing character: There is no : in font nullfont!
Missing character: There is no ( in font nullfont!
Missing character: There is no 2 in font nullfont!
Missing character: There is no 2 in font nullfont!
Missing character: There is no . in font nullfont!
Missing character: There is no 8 in font nullfont!
Missing character: There is no , in font nullfont!
Missing character: There is no 2 in font nullfont!
Missing character: There is no 6 in font nullfont!
Missing character: There is no ) in font nullfont!
Missing character: There is no ] in font nullfont!
Missing character: There is no ( in font nullfont!
Missing character: There is no 2 in font nullfont!
Missing character: There is no 2 in font nullfont!
Missing character: There is no . in font nullfont!
Missing character: There is no 8 in font nullfont!
Missing character: There is no , in font nullfont!
Missing character: There is no 2 in font nullfont!
Missing character: There is no 6 in font nullfont!
Missing character: There is no ) in font nullfont!
Missing character: There is no e in font nullfont!
Missing character: There is no l in font nullfont!
Missing character: There is no l in font nullfont!
Missing character: There is no i in font nullfont!
Missing character: There is no p in font nullfont!
Missing character: There is no s in font nullfont!
Missing character: There is no e in font nullfont!
Missing character: There is no ( in font nullfont!
Missing character: There is no 5 in font nullfont!
Missing character: There is no a in font nullfont!
Missing character: There is no n in font nullfont!
Missing character: There is no d in font nullfont!
Missing character: There is no 4 in font nullfont!
Missing character: There is no ) in font nullfont!
Missing character: There is no ; in font nullfont!

Overfull \hbox (3.8639pt too wide) in paragraph at lines 733--733
 [][] 
 []

[42

]
Missing character: There is no [ in font nullfont!
Missing character: There is no v in font nullfont!
Missing character: There is no e in font nullfont!
Missing character: There is no r in font nullfont!
Missing character: There is no y in font nullfont!
Missing character: There is no t in font nullfont!
Missing character: There is no h in font nullfont!
Missing character: There is no i in font nullfont!
Missing character: There is no c in font nullfont!
Missing character: There is no k in font nullfont!
Missing character: There is no , in font nullfont!
Missing character: There is no r in font nullfont!
Missing character: There is no o in font nullfont!
Missing character: There is no t in font nullfont!
Missing character: There is no a in font nullfont!
Missing character: There is no t in font nullfont!
Missing character: There is no e in font nullfont!
Missing character: There is no a in font nullfont!
Missing character: There is no r in font nullfont!
Missing character: There is no o in font nullfont!
Missing character: There is no u in font nullfont!
Missing character: There is no n in font nullfont!
Missing character: There is no d in font nullfont!
Missing character: There is no = in font nullfont!
Missing character: There is no 3 in font nullfont!
Missing character: There is no 0 in font nullfont!
Missing character: There is no : in font nullfont!
Missing character: There is no ( in font nullfont!
Missing character: There is no 4 in font nullfont!
Missing character: There is no 0 in font nullfont!
Missing character: There is no , in font nullfont!
Missing character: There is no 3 in font nullfont!
Missing character: There is no 6 in font nullfont!
Missing character: There is no ) in font nullfont!
Missing character: There is no ] in font nullfont!
Missing character: There is no ( in font nullfont!
Missing character: There is no 4 in font nullfont!
Missing character: There is no 0 in font nullfont!
Missing character: There is no , in font nullfont!
Missing character: There is no 3 in font nullfont!
Missing character: There is no 6 in font nullfont!
Missing character: There is no ) in font nullfont!
Missing character: There is no e in font nullfont!
Missing character: There is no l in font nullfont!
Missing character: There is no l in font nullfont!
Missing character: There is no i in font nullfont!
Missing character: There is no p in font nullfont!
Missing character: There is no s in font nullfont!
Missing character: There is no e in font nullfont!
Missing character: There is no ( in font nullfont!
Missing character: There is no 7 in font nullfont!
Missing character: There is no a in font nullfont!
Missing character: There is no n in font nullfont!
Missing character: There is no d in font nullfont!
Missing character: There is no 5 in font nullfont!
Missing character: There is no ) in font nullfont!
Missing character: There is no ; in font nullfont!
Missing character: There is no [ in font nullfont!
Missing character: There is no v in font nullfont!
Missing character: There is no e in font nullfont!
Missing character: There is no r in font nullfont!
Missing character: There is no y in font nullfont!
Missing character: There is no t in font nullfont!
Missing character: There is no h in font nullfont!
Missing character: There is no i in font nullfont!
Missing character: There is no c in font nullfont!
Missing character: There is no k in font nullfont!
Missing character: There is no , in font nullfont!
Missing character: There is no r in font nullfont!
Missing character: There is no o in font nullfont!
Missing character: There is no t in font nullfont!
Missing character: There is no a in font nullfont!
Missing character: There is no t in font nullfont!
Missing character: There is no e in font nullfont!
Missing character: There is no a in font nullfont!
Missing character: There is no r in font nullfont!
Missing character: There is no o in font nullfont!
Missing character: There is no u in font nullfont!
Missing character: There is no n in font nullfont!
Missing character: There is no d in font nullfont!
Missing character: There is no = in font nullfont!
Missing character: There is no 3 in font nullfont!
Missing character: There is no 0 in font nullfont!
Missing character: There is no : in font nullfont!
Missing character: There is no ( in font nullfont!
Missing character: There is no 4 in font nullfont!
Missing character: There is no 0 in font nullfont!
Missing character: There is no , in font nullfont!
Missing character: There is no 3 in font nullfont!
Missing character: There is no 7 in font nullfont!
Missing character: There is no ) in font nullfont!
Missing character: There is no ] in font nullfont!
Missing character: There is no ( in font nullfont!
Missing character: There is no 4 in font nullfont!
Missing character: There is no 0 in font nullfont!
Missing character: There is no , in font nullfont!
Missing character: There is no 3 in font nullfont!
Missing character: There is no 7 in font nullfont!
Missing character: There is no ) in font nullfont!
Missing character: There is no e in font nullfont!
Missing character: There is no l in font nullfont!
Missing character: There is no l in font nullfont!
Missing character: There is no i in font nullfont!
Missing character: There is no p in font nullfont!
Missing character: There is no s in font nullfont!
Missing character: There is no e in font nullfont!
Missing character: There is no ( in font nullfont!
Missing character: There is no 5 in font nullfont!
Missing character: There is no a in font nullfont!
Missing character: There is no n in font nullfont!
Missing character: There is no d in font nullfont!
Missing character: There is no 3 in font nullfont!
Missing character: There is no ) in font nullfont!
Missing character: There is no ; in font nullfont!
Missing character: There is no [ in font nullfont!
Missing character: There is no v in font nullfont!
Missing character: There is no e in font nullfont!
Missing character: There is no r in font nullfont!
Missing character: There is no y in font nullfont!
Missing character: There is no t in font nullfont!
Missing character: There is no h in font nullfont!
Missing character: There is no i in font nullfont!
Missing character: There is no c in font nullfont!
Missing character: There is no k in font nullfont!
Missing character: There is no , in font nullfont!
Missing character: There is no r in font nullfont!
Missing character: There is no o in font nullfont!
Missing character: There is no t in font nullfont!
Missing character: There is no a in font nullfont!
Missing character: There is no t in font nullfont!
Missing character: There is no e in font nullfont!
Missing character: There is no a in font nullfont!
Missing character: There is no r in font nullfont!
Missing character: There is no o in font nullfont!
Missing character: There is no u in font nullfont!
Missing character: There is no n in font nullfont!
Missing character: There is no d in font nullfont!
Missing character: There is no = in font nullfont!
Missing character: There is no - in font nullfont!
Missing character: There is no 2 in font nullfont!
Missing character: There is no 0 in font nullfont!
Missing character: There is no : in font nullfont!
Missing character: There is no ( in font nullfont!
Missing character: There is no 2 in font nullfont!
Missing character: There is no 4 in font nullfont!
Missing character: There is no , in font nullfont!
Missing character: There is no 2 in font nullfont!
Missing character: There is no 7 in font nullfont!
Missing character: There is no . in font nullfont!
Missing character: There is no 7 in font nullfont!
Missing character: There is no ) in font nullfont!
Missing character: There is no ] in font nullfont!
Missing character: There is no ( in font nullfont!
Missing character: There is no 2 in font nullfont!
Missing character: There is no 4 in font nullfont!
Missing character: There is no , in font nullfont!
Missing character: There is no 2 in font nullfont!
Missing character: There is no 7 in font nullfont!
Missing character: There is no ) in font nullfont!
Missing character: There is no e in font nullfont!
Missing character: There is no l in font nullfont!
Missing character: There is no l in font nullfont!
Missing character: There is no i in font nullfont!
Missing character: There is no p in font nullfont!
Missing character: There is no s in font nullfont!
Missing character: There is no e in font nullfont!
Missing character: There is no ( in font nullfont!
Missing character: There is no 7 in font nullfont!
Missing character: There is no a in font nullfont!
Missing character: There is no n in font nullfont!
Missing character: There is no d in font nullfont!
Missing character: There is no 6 in font nullfont!
Missing character: There is no ) in font nullfont!
Missing character: There is no ; in font nullfont!
Missing character: There is no [ in font nullfont!
Missing character: There is no v in font nullfont!
Missing character: There is no e in font nullfont!
Missing character: There is no r in font nullfont!
Missing character: There is no y in font nullfont!
Missing character: There is no t in font nullfont!
Missing character: There is no h in font nullfont!
Missing character: There is no i in font nullfont!
Missing character: There is no c in font nullfont!
Missing character: There is no k in font nullfont!
Missing character: There is no , in font nullfont!
Missing character: There is no r in font nullfont!
Missing character: There is no o in font nullfont!
Missing character: There is no t in font nullfont!
Missing character: There is no a in font nullfont!
Missing character: There is no t in font nullfont!
Missing character: There is no e in font nullfont!
Missing character: There is no a in font nullfont!
Missing character: There is no r in font nullfont!
Missing character: There is no o in font nullfont!
Missing character: There is no u in font nullfont!
Missing character: There is no n in font nullfont!
Missing character: There is no d in font nullfont!
Missing character: There is no = in font nullfont!
Missing character: There is no - in font nullfont!
Missing character: There is no 2 in font nullfont!
Missing character: There is no 0 in font nullfont!
Missing character: There is no : in font nullfont!
Missing character: There is no ( in font nullfont!
Missing character: There is no 2 in font nullfont!
Missing character: There is no 2 in font nullfont!
Missing character: There is no . in font nullfont!
Missing character: There is no 8 in font nullfont!
Missing character: There is no , in font nullfont!
Missing character: There is no 2 in font nullfont!
Missing character: There is no 6 in font nullfont!
Missing character: There is no ) in font nullfont!
Missing character: There is no ] in font nullfont!
Missing character: There is no ( in font nullfont!
Missing character: There is no 2 in font nullfont!
Missing character: There is no 2 in font nullfont!
Missing character: There is no . in font nullfont!
Missing character: There is no 8 in font nullfont!
Missing character: There is no , in font nullfont!
Missing character: There is no 2 in font nullfont!
Missing character: There is no 6 in font nullfont!
Missing character: There is no ) in font nullfont!
Missing character: There is no e in font nullfont!
Missing character: There is no l in font nullfont!
Missing character: There is no l in font nullfont!
Missing character: There is no i in font nullfont!
Missing character: There is no p in font nullfont!
Missing character: There is no s in font nullfont!
Missing character: There is no e in font nullfont!
Missing character: There is no ( in font nullfont!
Missing character: There is no 5 in font nullfont!
Missing character: There is no a in font nullfont!
Missing character: There is no n in font nullfont!
Missing character: There is no d in font nullfont!
Missing character: There is no 4 in font nullfont!
Missing character: There is no ) in font nullfont!
Missing character: There is no ; in font nullfont!

Overfull \hbox (3.8639pt too wide) in paragraph at lines 733--733
 [][] 
 []

[43

]
Missing character: There is no [ in font nullfont!
Missing character: There is no v in font nullfont!
Missing character: There is no e in font nullfont!
Missing character: There is no r in font nullfont!
Missing character: There is no y in font nullfont!
Missing character: There is no t in font nullfont!
Missing character: There is no h in font nullfont!
Missing character: There is no i in font nullfont!
Missing character: There is no c in font nullfont!
Missing character: There is no k in font nullfont!
Missing character: There is no , in font nullfont!
Missing character: There is no r in font nullfont!
Missing character: There is no o in font nullfont!
Missing character: There is no t in font nullfont!
Missing character: There is no a in font nullfont!
Missing character: There is no t in font nullfont!
Missing character: There is no e in font nullfont!
Missing character: There is no a in font nullfont!
Missing character: There is no r in font nullfont!
Missing character: There is no o in font nullfont!
Missing character: There is no u in font nullfont!
Missing character: There is no n in font nullfont!
Missing character: There is no d in font nullfont!
Missing character: There is no = in font nullfont!
Missing character: There is no 3 in font nullfont!
Missing character: There is no 0 in font nullfont!
Missing character: There is no : in font nullfont!
Missing character: There is no ( in font nullfont!
Missing character: There is no 4 in font nullfont!
Missing character: There is no 0 in font nullfont!
Missing character: There is no , in font nullfont!
Missing character: There is no 3 in font nullfont!
Missing character: There is no 6 in font nullfont!
Missing character: There is no ) in font nullfont!
Missing character: There is no ] in font nullfont!
Missing character: There is no ( in font nullfont!
Missing character: There is no 4 in font nullfont!
Missing character: There is no 0 in font nullfont!
Missing character: There is no , in font nullfont!
Missing character: There is no 3 in font nullfont!
Missing character: There is no 6 in font nullfont!
Missing character: There is no ) in font nullfont!
Missing character: There is no e in font nullfont!
Missing character: There is no l in font nullfont!
Missing character: There is no l in font nullfont!
Missing character: There is no i in font nullfont!
Missing character: There is no p in font nullfont!
Missing character: There is no s in font nullfont!
Missing character: There is no e in font nullfont!
Missing character: There is no ( in font nullfont!
Missing character: There is no 7 in font nullfont!
Missing character: There is no a in font nullfont!
Missing character: There is no n in font nullfont!
Missing character: There is no d in font nullfont!
Missing character: There is no 5 in font nullfont!
Missing character: There is no ) in font nullfont!
Missing character: There is no ; in font nullfont!
Missing character: There is no [ in font nullfont!
Missing character: There is no v in font nullfont!
Missing character: There is no e in font nullfont!
Missing character: There is no r in font nullfont!
Missing character: There is no y in font nullfont!
Missing character: There is no t in font nullfont!
Missing character: There is no h in font nullfont!
Missing character: There is no i in font nullfont!
Missing character: There is no c in font nullfont!
Missing character: There is no k in font nullfont!
Missing character: There is no , in font nullfont!
Missing character: There is no r in font nullfont!
Missing character: There is no o in font nullfont!
Missing character: There is no t in font nullfont!
Missing character: There is no a in font nullfont!
Missing character: There is no t in font nullfont!
Missing character: There is no e in font nullfont!
Missing character: There is no a in font nullfont!
Missing character: There is no r in font nullfont!
Missing character: There is no o in font nullfont!
Missing character: There is no u in font nullfont!
Missing character: There is no n in font nullfont!
Missing character: There is no d in font nullfont!
Missing character: There is no = in font nullfont!
Missing character: There is no 3 in font nullfont!
Missing character: There is no 0 in font nullfont!
Missing character: There is no : in font nullfont!
Missing character: There is no ( in font nullfont!
Missing character: There is no 4 in font nullfont!
Missing character: There is no 0 in font nullfont!
Missing character: There is no , in font nullfont!
Missing character: There is no 3 in font nullfont!
Missing character: There is no 7 in font nullfont!
Missing character: There is no ) in font nullfont!
Missing character: There is no ] in font nullfont!
Missing character: There is no ( in font nullfont!
Missing character: There is no 4 in font nullfont!
Missing character: There is no 0 in font nullfont!
Missing character: There is no , in font nullfont!
Missing character: There is no 3 in font nullfont!
Missing character: There is no 7 in font nullfont!
Missing character: There is no ) in font nullfont!
Missing character: There is no e in font nullfont!
Missing character: There is no l in font nullfont!
Missing character: There is no l in font nullfont!
Missing character: There is no i in font nullfont!
Missing character: There is no p in font nullfont!
Missing character: There is no s in font nullfont!
Missing character: There is no e in font nullfont!
Missing character: There is no ( in font nullfont!
Missing character: There is no 5 in font nullfont!
Missing character: There is no a in font nullfont!
Missing character: There is no n in font nullfont!
Missing character: There is no d in font nullfont!
Missing character: There is no 3 in font nullfont!
Missing character: There is no ) in font nullfont!
Missing character: There is no ; in font nullfont!
Missing character: There is no [ in font nullfont!
Missing character: There is no v in font nullfont!
Missing character: There is no e in font nullfont!
Missing character: There is no r in font nullfont!
Missing character: There is no y in font nullfont!
Missing character: There is no t in font nullfont!
Missing character: There is no h in font nullfont!
Missing character: There is no i in font nullfont!
Missing character: There is no c in font nullfont!
Missing character: There is no k in font nullfont!
Missing character: There is no , in font nullfont!
Missing character: There is no r in font nullfont!
Missing character: There is no o in font nullfont!
Missing character: There is no t in font nullfont!
Missing character: There is no a in font nullfont!
Missing character: There is no t in font nullfont!
Missing character: There is no e in font nullfont!
Missing character: There is no a in font nullfont!
Missing character: There is no r in font nullfont!
Missing character: There is no o in font nullfont!
Missing character: There is no u in font nullfont!
Missing character: There is no n in font nullfont!
Missing character: There is no d in font nullfont!
Missing character: There is no = in font nullfont!
Missing character: There is no - in font nullfont!
Missing character: There is no 2 in font nullfont!
Missing character: There is no 0 in font nullfont!
Missing character: There is no : in font nullfont!
Missing character: There is no ( in font nullfont!
Missing character: There is no 2 in font nullfont!
Missing character: There is no 4 in font nullfont!
Missing character: There is no , in font nullfont!
Missing character: There is no 2 in font nullfont!
Missing character: There is no 7 in font nullfont!
Missing character: There is no . in font nullfont!
Missing character: There is no 7 in font nullfont!
Missing character: There is no ) in font nullfont!
Missing character: There is no ] in font nullfont!
Missing character: There is no ( in font nullfont!
Missing character: There is no 2 in font nullfont!
Missing character: There is no 4 in font nullfont!
Missing character: There is no , in font nullfont!
Missing character: There is no 2 in font nullfont!
Missing character: There is no 7 in font nullfont!
Missing character: There is no ) in font nullfont!
Missing character: There is no e in font nullfont!
Missing character: There is no l in font nullfont!
Missing character: There is no l in font nullfont!
Missing character: There is no i in font nullfont!
Missing character: There is no p in font nullfont!
Missing character: There is no s in font nullfont!
Missing character: There is no e in font nullfont!
Missing character: There is no ( in font nullfont!
Missing character: There is no 7 in font nullfont!
Missing character: There is no a in font nullfont!
Missing character: There is no n in font nullfont!
Missing character: There is no d in font nullfont!
Missing character: There is no 6 in font nullfont!
Missing character: There is no ) in font nullfont!
Missing character: There is no ; in font nullfont!
Missing character: There is no [ in font nullfont!
Missing character: There is no v in font nullfont!
Missing character: There is no e in font nullfont!
Missing character: There is no r in font nullfont!
Missing character: There is no y in font nullfont!
Missing character: There is no t in font nullfont!
Missing character: There is no h in font nullfont!
Missing character: There is no i in font nullfont!
Missing character: There is no c in font nullfont!
Missing character: There is no k in font nullfont!
Missing character: There is no , in font nullfont!
Missing character: There is no r in font nullfont!
Missing character: There is no o in font nullfont!
Missing character: There is no t in font nullfont!
Missing character: There is no a in font nullfont!
Missing character: There is no t in font nullfont!
Missing character: There is no e in font nullfont!
Missing character: There is no a in font nullfont!
Missing character: There is no r in font nullfont!
Missing character: There is no o in font nullfont!
Missing character: There is no u in font nullfont!
Missing character: There is no n in font nullfont!
Missing character: There is no d in font nullfont!
Missing character: There is no = in font nullfont!
Missing character: There is no - in font nullfont!
Missing character: There is no 2 in font nullfont!
Missing character: There is no 0 in font nullfont!
Missing character: There is no : in font nullfont!
Missing character: There is no ( in font nullfont!
Missing character: There is no 2 in font nullfont!
Missing character: There is no 2 in font nullfont!
Missing character: There is no . in font nullfont!
Missing character: There is no 8 in font nullfont!
Missing character: There is no , in font nullfont!
Missing character: There is no 2 in font nullfont!
Missing character: There is no 6 in font nullfont!
Missing character: There is no ) in font nullfont!
Missing character: There is no ] in font nullfont!
Missing character: There is no ( in font nullfont!
Missing character: There is no 2 in font nullfont!
Missing character: There is no 2 in font nullfont!
Missing character: There is no . in font nullfont!
Missing character: There is no 8 in font nullfont!
Missing character: There is no , in font nullfont!
Missing character: There is no 2 in font nullfont!
Missing character: There is no 6 in font nullfont!
Missing character: There is no ) in font nullfont!
Missing character: There is no e in font nullfont!
Missing character: There is no l in font nullfont!
Missing character: There is no l in font nullfont!
Missing character: There is no i in font nullfont!
Missing character: There is no p in font nullfont!
Missing character: There is no s in font nullfont!
Missing character: There is no e in font nullfont!
Missing character: There is no ( in font nullfont!
Missing character: There is no 5 in font nullfont!
Missing character: There is no a in font nullfont!
Missing character: There is no n in font nullfont!
Missing character: There is no d in font nullfont!
Missing character: There is no 4 in font nullfont!
Missing character: There is no ) in font nullfont!
Missing character: There is no ; in font nullfont!

Overfull \hbox (3.8639pt too wide) in paragraph at lines 733--733
 [][] 
 []

[44

]
Missing character: There is no [ in font nullfont!
Missing character: There is no v in font nullfont!
Missing character: There is no e in font nullfont!
Missing character: There is no r in font nullfont!
Missing character: There is no y in font nullfont!
Missing character: There is no t in font nullfont!
Missing character: There is no h in font nullfont!
Missing character: There is no i in font nullfont!
Missing character: There is no c in font nullfont!
Missing character: There is no k in font nullfont!
Missing character: There is no , in font nullfont!
Missing character: There is no r in font nullfont!
Missing character: There is no o in font nullfont!
Missing character: There is no t in font nullfont!
Missing character: There is no a in font nullfont!
Missing character: There is no t in font nullfont!
Missing character: There is no e in font nullfont!
Missing character: There is no a in font nullfont!
Missing character: There is no r in font nullfont!
Missing character: There is no o in font nullfont!
Missing character: There is no u in font nullfont!
Missing character: There is no n in font nullfont!
Missing character: There is no d in font nullfont!
Missing character: There is no = in font nullfont!
Missing character: There is no 3 in font nullfont!
Missing character: There is no 0 in font nullfont!
Missing character: There is no : in font nullfont!
Missing character: There is no ( in font nullfont!
Missing character: There is no 4 in font nullfont!
Missing character: There is no 0 in font nullfont!
Missing character: There is no , in font nullfont!
Missing character: There is no 3 in font nullfont!
Missing character: There is no 6 in font nullfont!
Missing character: There is no ) in font nullfont!
Missing character: There is no ] in font nullfont!
Missing character: There is no ( in font nullfont!
Missing character: There is no 4 in font nullfont!
Missing character: There is no 0 in font nullfont!
Missing character: There is no , in font nullfont!
Missing character: There is no 3 in font nullfont!
Missing character: There is no 6 in font nullfont!
Missing character: There is no ) in font nullfont!
Missing character: There is no e in font nullfont!
Missing character: There is no l in font nullfont!
Missing character: There is no l in font nullfont!
Missing character: There is no i in font nullfont!
Missing character: There is no p in font nullfont!
Missing character: There is no s in font nullfont!
Missing character: There is no e in font nullfont!
Missing character: There is no ( in font nullfont!
Missing character: There is no 7 in font nullfont!
Missing character: There is no a in font nullfont!
Missing character: There is no n in font nullfont!
Missing character: There is no d in font nullfont!
Missing character: There is no 5 in font nullfont!
Missing character: There is no ) in font nullfont!
Missing character: There is no ; in font nullfont!
Missing character: There is no [ in font nullfont!
Missing character: There is no v in font nullfont!
Missing character: There is no e in font nullfont!
Missing character: There is no r in font nullfont!
Missing character: There is no y in font nullfont!
Missing character: There is no t in font nullfont!
Missing character: There is no h in font nullfont!
Missing character: There is no i in font nullfont!
Missing character: There is no c in font nullfont!
Missing character: There is no k in font nullfont!
Missing character: There is no , in font nullfont!
Missing character: There is no r in font nullfont!
Missing character: There is no o in font nullfont!
Missing character: There is no t in font nullfont!
Missing character: There is no a in font nullfont!
Missing character: There is no t in font nullfont!
Missing character: There is no e in font nullfont!
Missing character: There is no a in font nullfont!
Missing character: There is no r in font nullfont!
Missing character: There is no o in font nullfont!
Missing character: There is no u in font nullfont!
Missing character: There is no n in font nullfont!
Missing character: There is no d in font nullfont!
Missing character: There is no = in font nullfont!
Missing character: There is no 3 in font nullfont!
Missing character: There is no 0 in font nullfont!
Missing character: There is no : in font nullfont!
Missing character: There is no ( in font nullfont!
Missing character: There is no 4 in font nullfont!
Missing character: There is no 0 in font nullfont!
Missing character: There is no , in font nullfont!
Missing character: There is no 3 in font nullfont!
Missing character: There is no 7 in font nullfont!
Missing character: There is no ) in font nullfont!
Missing character: There is no ] in font nullfont!
Missing character: There is no ( in font nullfont!
Missing character: There is no 4 in font nullfont!
Missing character: There is no 0 in font nullfont!
Missing character: There is no , in font nullfont!
Missing character: There is no 3 in font nullfont!
Missing character: There is no 7 in font nullfont!
Missing character: There is no ) in font nullfont!
Missing character: There is no e in font nullfont!
Missing character: There is no l in font nullfont!
Missing character: There is no l in font nullfont!
Missing character: There is no i in font nullfont!
Missing character: There is no p in font nullfont!
Missing character: There is no s in font nullfont!
Missing character: There is no e in font nullfont!
Missing character: There is no ( in font nullfont!
Missing character: There is no 5 in font nullfont!
Missing character: There is no a in font nullfont!
Missing character: There is no n in font nullfont!
Missing character: There is no d in font nullfont!
Missing character: There is no 3 in font nullfont!
Missing character: There is no ) in font nullfont!
Missing character: There is no ; in font nullfont!
Missing character: There is no [ in font nullfont!
Missing character: There is no v in font nullfont!
Missing character: There is no e in font nullfont!
Missing character: There is no r in font nullfont!
Missing character: There is no y in font nullfont!
Missing character: There is no t in font nullfont!
Missing character: There is no h in font nullfont!
Missing character: There is no i in font nullfont!
Missing character: There is no c in font nullfont!
Missing character: There is no k in font nullfont!
Missing character: There is no , in font nullfont!
Missing character: There is no r in font nullfont!
Missing character: There is no o in font nullfont!
Missing character: There is no t in font nullfont!
Missing character: There is no a in font nullfont!
Missing character: There is no t in font nullfont!
Missing character: There is no e in font nullfont!
Missing character: There is no a in font nullfont!
Missing character: There is no r in font nullfont!
Missing character: There is no o in font nullfont!
Missing character: There is no u in font nullfont!
Missing character: There is no n in font nullfont!
Missing character: There is no d in font nullfont!
Missing character: There is no = in font nullfont!
Missing character: There is no - in font nullfont!
Missing character: There is no 2 in font nullfont!
Missing character: There is no 0 in font nullfont!
Missing character: There is no : in font nullfont!
Missing character: There is no ( in font nullfont!
Missing character: There is no 2 in font nullfont!
Missing character: There is no 4 in font nullfont!
Missing character: There is no , in font nullfont!
Missing character: There is no 2 in font nullfont!
Missing character: There is no 7 in font nullfont!
Missing character: There is no . in font nullfont!
Missing character: There is no 7 in font nullfont!
Missing character: There is no ) in font nullfont!
Missing character: There is no ] in font nullfont!
Missing character: There is no ( in font nullfont!
Missing character: There is no 2 in font nullfont!
Missing character: There is no 4 in font nullfont!
Missing character: There is no , in font nullfont!
Missing character: There is no 2 in font nullfont!
Missing character: There is no 7 in font nullfont!
Missing character: There is no ) in font nullfont!
Missing character: There is no e in font nullfont!
Missing character: There is no l in font nullfont!
Missing character: There is no l in font nullfont!
Missing character: There is no i in font nullfont!
Missing character: There is no p in font nullfont!
Missing character: There is no s in font nullfont!
Missing character: There is no e in font nullfont!
Missing character: There is no ( in font nullfont!
Missing character: There is no 7 in font nullfont!
Missing character: There is no a in font nullfont!
Missing character: There is no n in font nullfont!
Missing character: There is no d in font nullfont!
Missing character: There is no 6 in font nullfont!
Missing character: There is no ) in font nullfont!
Missing character: There is no ; in font nullfont!
Missing character: There is no [ in font nullfont!
Missing character: There is no v in font nullfont!
Missing character: There is no e in font nullfont!
Missing character: There is no r in font nullfont!
Missing character: There is no y in font nullfont!
Missing character: There is no t in font nullfont!
Missing character: There is no h in font nullfont!
Missing character: There is no i in font nullfont!
Missing character: There is no c in font nullfont!
Missing character: There is no k in font nullfont!
Missing character: There is no , in font nullfont!
Missing character: There is no r in font nullfont!
Missing character: There is no o in font nullfont!
Missing character: There is no t in font nullfont!
Missing character: There is no a in font nullfont!
Missing character: There is no t in font nullfont!
Missing character: There is no e in font nullfont!
Missing character: There is no a in font nullfont!
Missing character: There is no r in font nullfont!
Missing character: There is no o in font nullfont!
Missing character: There is no u in font nullfont!
Missing character: There is no n in font nullfont!
Missing character: There is no d in font nullfont!
Missing character: There is no = in font nullfont!
Missing character: There is no - in font nullfont!
Missing character: There is no 2 in font nullfont!
Missing character: There is no 0 in font nullfont!
Missing character: There is no : in font nullfont!
Missing character: There is no ( in font nullfont!
Missing character: There is no 2 in font nullfont!
Missing character: There is no 2 in font nullfont!
Missing character: There is no . in font nullfont!
Missing character: There is no 8 in font nullfont!
Missing character: There is no , in font nullfont!
Missing character: There is no 2 in font nullfont!
Missing character: There is no 6 in font nullfont!
Missing character: There is no ) in font nullfont!
Missing character: There is no ] in font nullfont!
Missing character: There is no ( in font nullfont!
Missing character: There is no 2 in font nullfont!
Missing character: There is no 2 in font nullfont!
Missing character: There is no . in font nullfont!
Missing character: There is no 8 in font nullfont!
Missing character: There is no , in font nullfont!
Missing character: There is no 2 in font nullfont!
Missing character: There is no 6 in font nullfont!
Missing character: There is no ) in font nullfont!
Missing character: There is no e in font nullfont!
Missing character: There is no l in font nullfont!
Missing character: There is no l in font nullfont!
Missing character: There is no i in font nullfont!
Missing character: There is no p in font nullfont!
Missing character: There is no s in font nullfont!
Missing character: There is no e in font nullfont!
Missing character: There is no ( in font nullfont!
Missing character: There is no 5 in font nullfont!
Missing character: There is no a in font nullfont!
Missing character: There is no n in font nullfont!
Missing character: There is no d in font nullfont!
Missing character: There is no 4 in font nullfont!
Missing character: There is no ) in font nullfont!
Missing character: There is no ; in font nullfont!

Overfull \hbox (3.8639pt too wide) in paragraph at lines 733--733
 [][] 
 []

[45

]
Missing character: There is no [ in font nullfont!
Missing character: There is no v in font nullfont!
Missing character: There is no e in font nullfont!
Missing character: There is no r in font nullfont!
Missing character: There is no y in font nullfont!
Missing character: There is no t in font nullfont!
Missing character: There is no h in font nullfont!
Missing character: There is no i in font nullfont!
Missing character: There is no c in font nullfont!
Missing character: There is no k in font nullfont!
Missing character: There is no , in font nullfont!
Missing character: There is no r in font nullfont!
Missing character: There is no o in font nullfont!
Missing character: There is no t in font nullfont!
Missing character: There is no a in font nullfont!
Missing character: There is no t in font nullfont!
Missing character: There is no e in font nullfont!
Missing character: There is no a in font nullfont!
Missing character: There is no r in font nullfont!
Missing character: There is no o in font nullfont!
Missing character: There is no u in font nullfont!
Missing character: There is no n in font nullfont!
Missing character: There is no d in font nullfont!
Missing character: There is no = in font nullfont!
Missing character: There is no 3 in font nullfont!
Missing character: There is no 0 in font nullfont!
Missing character: There is no : in font nullfont!
Missing character: There is no ( in font nullfont!
Missing character: There is no 4 in font nullfont!
Missing character: There is no 0 in font nullfont!
Missing character: There is no , in font nullfont!
Missing character: There is no 3 in font nullfont!
Missing character: There is no 6 in font nullfont!
Missing character: There is no ) in font nullfont!
Missing character: There is no ] in font nullfont!
Missing character: There is no ( in font nullfont!
Missing character: There is no 4 in font nullfont!
Missing character: There is no 0 in font nullfont!
Missing character: There is no , in font nullfont!
Missing character: There is no 3 in font nullfont!
Missing character: There is no 6 in font nullfont!
Missing character: There is no ) in font nullfont!
Missing character: There is no e in font nullfont!
Missing character: There is no l in font nullfont!
Missing character: There is no l in font nullfont!
Missing character: There is no i in font nullfont!
Missing character: There is no p in font nullfont!
Missing character: There is no s in font nullfont!
Missing character: There is no e in font nullfont!
Missing character: There is no ( in font nullfont!
Missing character: There is no 7 in font nullfont!
Missing character: There is no a in font nullfont!
Missing character: There is no n in font nullfont!
Missing character: There is no d in font nullfont!
Missing character: There is no 5 in font nullfont!
Missing character: There is no ) in font nullfont!
Missing character: There is no ; in font nullfont!
Missing character: There is no [ in font nullfont!
Missing character: There is no v in font nullfont!
Missing character: There is no e in font nullfont!
Missing character: There is no r in font nullfont!
Missing character: There is no y in font nullfont!
Missing character: There is no t in font nullfont!
Missing character: There is no h in font nullfont!
Missing character: There is no i in font nullfont!
Missing character: There is no c in font nullfont!
Missing character: There is no k in font nullfont!
Missing character: There is no , in font nullfont!
Missing character: There is no r in font nullfont!
Missing character: There is no o in font nullfont!
Missing character: There is no t in font nullfont!
Missing character: There is no a in font nullfont!
Missing character: There is no t in font nullfont!
Missing character: There is no e in font nullfont!
Missing character: There is no a in font nullfont!
Missing character: There is no r in font nullfont!
Missing character: There is no o in font nullfont!
Missing character: There is no u in font nullfont!
Missing character: There is no n in font nullfont!
Missing character: There is no d in font nullfont!
Missing character: There is no = in font nullfont!
Missing character: There is no 3 in font nullfont!
Missing character: There is no 0 in font nullfont!
Missing character: There is no : in font nullfont!
Missing character: There is no ( in font nullfont!
Missing character: There is no 4 in font nullfont!
Missing character: There is no 0 in font nullfont!
Missing character: There is no , in font nullfont!
Missing character: There is no 3 in font nullfont!
Missing character: There is no 7 in font nullfont!
Missing character: There is no ) in font nullfont!
Missing character: There is no ] in font nullfont!
Missing character: There is no ( in font nullfont!
Missing character: There is no 4 in font nullfont!
Missing character: There is no 0 in font nullfont!
Missing character: There is no , in font nullfont!
Missing character: There is no 3 in font nullfont!
Missing character: There is no 7 in font nullfont!
Missing character: There is no ) in font nullfont!
Missing character: There is no e in font nullfont!
Missing character: There is no l in font nullfont!
Missing character: There is no l in font nullfont!
Missing character: There is no i in font nullfont!
Missing character: There is no p in font nullfont!
Missing character: There is no s in font nullfont!
Missing character: There is no e in font nullfont!
Missing character: There is no ( in font nullfont!
Missing character: There is no 5 in font nullfont!
Missing character: There is no a in font nullfont!
Missing character: There is no n in font nullfont!
Missing character: There is no d in font nullfont!
Missing character: There is no 3 in font nullfont!
Missing character: There is no ) in font nullfont!
Missing character: There is no ; in font nullfont!
Missing character: There is no [ in font nullfont!
Missing character: There is no v in font nullfont!
Missing character: There is no e in font nullfont!
Missing character: There is no r in font nullfont!
Missing character: There is no y in font nullfont!
Missing character: There is no t in font nullfont!
Missing character: There is no h in font nullfont!
Missing character: There is no i in font nullfont!
Missing character: There is no c in font nullfont!
Missing character: There is no k in font nullfont!
Missing character: There is no , in font nullfont!
Missing character: There is no r in font nullfont!
Missing character: There is no o in font nullfont!
Missing character: There is no t in font nullfont!
Missing character: There is no a in font nullfont!
Missing character: There is no t in font nullfont!
Missing character: There is no e in font nullfont!
Missing character: There is no a in font nullfont!
Missing character: There is no r in font nullfont!
Missing character: There is no o in font nullfont!
Missing character: There is no u in font nullfont!
Missing character: There is no n in font nullfont!
Missing character: There is no d in font nullfont!
Missing character: There is no = in font nullfont!
Missing character: There is no - in font nullfont!
Missing character: There is no 2 in font nullfont!
Missing character: There is no 0 in font nullfont!
Missing character: There is no : in font nullfont!
Missing character: There is no ( in font nullfont!
Missing character: There is no 2 in font nullfont!
Missing character: There is no 4 in font nullfont!
Missing character: There is no , in font nullfont!
Missing character: There is no 2 in font nullfont!
Missing character: There is no 7 in font nullfont!
Missing character: There is no . in font nullfont!
Missing character: There is no 7 in font nullfont!
Missing character: There is no ) in font nullfont!
Missing character: There is no ] in font nullfont!
Missing character: There is no ( in font nullfont!
Missing character: There is no 2 in font nullfont!
Missing character: There is no 4 in font nullfont!
Missing character: There is no , in font nullfont!
Missing character: There is no 2 in font nullfont!
Missing character: There is no 7 in font nullfont!
Missing character: There is no ) in font nullfont!
Missing character: There is no e in font nullfont!
Missing character: There is no l in font nullfont!
Missing character: There is no l in font nullfont!
Missing character: There is no i in font nullfont!
Missing character: There is no p in font nullfont!
Missing character: There is no s in font nullfont!
Missing character: There is no e in font nullfont!
Missing character: There is no ( in font nullfont!
Missing character: There is no 7 in font nullfont!
Missing character: There is no a in font nullfont!
Missing character: There is no n in font nullfont!
Missing character: There is no d in font nullfont!
Missing character: There is no 6 in font nullfont!
Missing character: There is no ) in font nullfont!
Missing character: There is no ; in font nullfont!

Overfull \hbox (3.8639pt too wide) in paragraph at lines 733--733
 [][] 
 []

[46

]
Missing character: There is no [ in font nullfont!
Missing character: There is no v in font nullfont!
Missing character: There is no e in font nullfont!
Missing character: There is no r in font nullfont!
Missing character: There is no y in font nullfont!
Missing character: There is no t in font nullfont!
Missing character: There is no h in font nullfont!
Missing character: There is no i in font nullfont!
Missing character: There is no c in font nullfont!
Missing character: There is no k in font nullfont!
Missing character: There is no , in font nullfont!
Missing character: There is no r in font nullfont!
Missing character: There is no o in font nullfont!
Missing character: There is no t in font nullfont!
Missing character: There is no a in font nullfont!
Missing character: There is no t in font nullfont!
Missing character: There is no e in font nullfont!
Missing character: There is no a in font nullfont!
Missing character: There is no r in font nullfont!
Missing character: There is no o in font nullfont!
Missing character: There is no u in font nullfont!
Missing character: There is no n in font nullfont!
Missing character: There is no d in font nullfont!
Missing character: There is no = in font nullfont!
Missing character: There is no 3 in font nullfont!
Missing character: There is no 0 in font nullfont!
Missing character: There is no : in font nullfont!
Missing character: There is no ( in font nullfont!
Missing character: There is no 4 in font nullfont!
Missing character: There is no 0 in font nullfont!
Missing character: There is no , in font nullfont!
Missing character: There is no 3 in font nullfont!
Missing character: There is no 6 in font nullfont!
Missing character: There is no ) in font nullfont!
Missing character: There is no ] in font nullfont!
Missing character: There is no ( in font nullfont!
Missing character: There is no 4 in font nullfont!
Missing character: There is no 0 in font nullfont!
Missing character: There is no , in font nullfont!
Missing character: There is no 3 in font nullfont!
Missing character: There is no 6 in font nullfont!
Missing character: There is no ) in font nullfont!
Missing character: There is no e in font nullfont!
Missing character: There is no l in font nullfont!
Missing character: There is no l in font nullfont!
Missing character: There is no i in font nullfont!
Missing character: There is no p in font nullfont!
Missing character: There is no s in font nullfont!
Missing character: There is no e in font nullfont!
Missing character: There is no ( in font nullfont!
Missing character: There is no 7 in font nullfont!
Missing character: There is no a in font nullfont!
Missing character: There is no n in font nullfont!
Missing character: There is no d in font nullfont!
Missing character: There is no 5 in font nullfont!
Missing character: There is no ) in font nullfont!
Missing character: There is no ; in font nullfont!
Missing character: There is no [ in font nullfont!
Missing character: There is no v in font nullfont!
Missing character: There is no e in font nullfont!
Missing character: There is no r in font nullfont!
Missing character: There is no y in font nullfont!
Missing character: There is no t in font nullfont!
Missing character: There is no h in font nullfont!
Missing character: There is no i in font nullfont!
Missing character: There is no c in font nullfont!
Missing character: There is no k in font nullfont!
Missing character: There is no , in font nullfont!
Missing character: There is no r in font nullfont!
Missing character: There is no o in font nullfont!
Missing character: There is no t in font nullfont!
Missing character: There is no a in font nullfont!
Missing character: There is no t in font nullfont!
Missing character: There is no e in font nullfont!
Missing character: There is no a in font nullfont!
Missing character: There is no r in font nullfont!
Missing character: There is no o in font nullfont!
Missing character: There is no u in font nullfont!
Missing character: There is no n in font nullfont!
Missing character: There is no d in font nullfont!
Missing character: There is no = in font nullfont!
Missing character: There is no 3 in font nullfont!
Missing character: There is no 0 in font nullfont!
Missing character: There is no : in font nullfont!
Missing character: There is no ( in font nullfont!
Missing character: There is no 4 in font nullfont!
Missing character: There is no 0 in font nullfont!
Missing character: There is no , in font nullfont!
Missing character: There is no 3 in font nullfont!
Missing character: There is no 7 in font nullfont!
Missing character: There is no ) in font nullfont!
Missing character: There is no ] in font nullfont!
Missing character: There is no ( in font nullfont!
Missing character: There is no 4 in font nullfont!
Missing character: There is no 0 in font nullfont!
Missing character: There is no , in font nullfont!
Missing character: There is no 3 in font nullfont!
Missing character: There is no 7 in font nullfont!
Missing character: There is no ) in font nullfont!
Missing character: There is no e in font nullfont!
Missing character: There is no l in font nullfont!
Missing character: There is no l in font nullfont!
Missing character: There is no i in font nullfont!
Missing character: There is no p in font nullfont!
Missing character: There is no s in font nullfont!
Missing character: There is no e in font nullfont!
Missing character: There is no ( in font nullfont!
Missing character: There is no 5 in font nullfont!
Missing character: There is no a in font nullfont!
Missing character: There is no n in font nullfont!
Missing character: There is no d in font nullfont!
Missing character: There is no 3 in font nullfont!
Missing character: There is no ) in font nullfont!
Missing character: There is no ; in font nullfont!
Missing character: There is no [ in font nullfont!
Missing character: There is no v in font nullfont!
Missing character: There is no e in font nullfont!
Missing character: There is no r in font nullfont!
Missing character: There is no y in font nullfont!
Missing character: There is no t in font nullfont!
Missing character: There is no h in font nullfont!
Missing character: There is no i in font nullfont!
Missing character: There is no c in font nullfont!
Missing character: There is no k in font nullfont!
Missing character: There is no , in font nullfont!
Missing character: There is no r in font nullfont!
Missing character: There is no o in font nullfont!
Missing character: There is no t in font nullfont!
Missing character: There is no a in font nullfont!
Missing character: There is no t in font nullfont!
Missing character: There is no e in font nullfont!
Missing character: There is no a in font nullfont!
Missing character: There is no r in font nullfont!
Missing character: There is no o in font nullfont!
Missing character: There is no u in font nullfont!
Missing character: There is no n in font nullfont!
Missing character: There is no d in font nullfont!
Missing character: There is no = in font nullfont!
Missing character: There is no - in font nullfont!
Missing character: There is no 2 in font nullfont!
Missing character: There is no 0 in font nullfont!
Missing character: There is no : in font nullfont!
Missing character: There is no ( in font nullfont!
Missing character: There is no 2 in font nullfont!
Missing character: There is no 4 in font nullfont!
Missing character: There is no , in font nullfont!
Missing character: There is no 2 in font nullfont!
Missing character: There is no 7 in font nullfont!
Missing character: There is no . in font nullfont!
Missing character: There is no 7 in font nullfont!
Missing character: There is no ) in font nullfont!
Missing character: There is no ] in font nullfont!
Missing character: There is no ( in font nullfont!
Missing character: There is no 2 in font nullfont!
Missing character: There is no 4 in font nullfont!
Missing character: There is no , in font nullfont!
Missing character: There is no 2 in font nullfont!
Missing character: There is no 7 in font nullfont!
Missing character: There is no ) in font nullfont!
Missing character: There is no e in font nullfont!
Missing character: There is no l in font nullfont!
Missing character: There is no l in font nullfont!
Missing character: There is no i in font nullfont!
Missing character: There is no p in font nullfont!
Missing character: There is no s in font nullfont!
Missing character: There is no e in font nullfont!
Missing character: There is no ( in font nullfont!
Missing character: There is no 7 in font nullfont!
Missing character: There is no a in font nullfont!
Missing character: There is no n in font nullfont!
Missing character: There is no d in font nullfont!
Missing character: There is no 6 in font nullfont!
Missing character: There is no ) in font nullfont!
Missing character: There is no ; in font nullfont!

Overfull \hbox (3.8639pt too wide) in paragraph at lines 733--733
 [][] 
 []

[47

]
Missing character: There is no [ in font nullfont!
Missing character: There is no v in font nullfont!
Missing character: There is no e in font nullfont!
Missing character: There is no r in font nullfont!
Missing character: There is no y in font nullfont!
Missing character: There is no t in font nullfont!
Missing character: There is no h in font nullfont!
Missing character: There is no i in font nullfont!
Missing character: There is no c in font nullfont!
Missing character: There is no k in font nullfont!
Missing character: There is no , in font nullfont!
Missing character: There is no r in font nullfont!
Missing character: There is no o in font nullfont!
Missing character: There is no t in font nullfont!
Missing character: There is no a in font nullfont!
Missing character: There is no t in font nullfont!
Missing character: There is no e in font nullfont!
Missing character: There is no a in font nullfont!
Missing character: There is no r in font nullfont!
Missing character: There is no o in font nullfont!
Missing character: There is no u in font nullfont!
Missing character: There is no n in font nullfont!
Missing character: There is no d in font nullfont!
Missing character: There is no = in font nullfont!
Missing character: There is no 3 in font nullfont!
Missing character: There is no 0 in font nullfont!
Missing character: There is no : in font nullfont!
Missing character: There is no ( in font nullfont!
Missing character: There is no 4 in font nullfont!
Missing character: There is no 0 in font nullfont!
Missing character: There is no , in font nullfont!
Missing character: There is no 3 in font nullfont!
Missing character: There is no 6 in font nullfont!
Missing character: There is no ) in font nullfont!
Missing character: There is no ] in font nullfont!
Missing character: There is no ( in font nullfont!
Missing character: There is no 4 in font nullfont!
Missing character: There is no 0 in font nullfont!
Missing character: There is no , in font nullfont!
Missing character: There is no 3 in font nullfont!
Missing character: There is no 6 in font nullfont!
Missing character: There is no ) in font nullfont!
Missing character: There is no e in font nullfont!
Missing character: There is no l in font nullfont!
Missing character: There is no l in font nullfont!
Missing character: There is no i in font nullfont!
Missing character: There is no p in font nullfont!
Missing character: There is no s in font nullfont!
Missing character: There is no e in font nullfont!
Missing character: There is no ( in font nullfont!
Missing character: There is no 7 in font nullfont!
Missing character: There is no a in font nullfont!
Missing character: There is no n in font nullfont!
Missing character: There is no d in font nullfont!
Missing character: There is no 5 in font nullfont!
Missing character: There is no ) in font nullfont!
Missing character: There is no ; in font nullfont!
Missing character: There is no [ in font nullfont!
Missing character: There is no v in font nullfont!
Missing character: There is no e in font nullfont!
Missing character: There is no r in font nullfont!
Missing character: There is no y in font nullfont!
Missing character: There is no t in font nullfont!
Missing character: There is no h in font nullfont!
Missing character: There is no i in font nullfont!
Missing character: There is no c in font nullfont!
Missing character: There is no k in font nullfont!
Missing character: There is no , in font nullfont!
Missing character: There is no r in font nullfont!
Missing character: There is no o in font nullfont!
Missing character: There is no t in font nullfont!
Missing character: There is no a in font nullfont!
Missing character: There is no t in font nullfont!
Missing character: There is no e in font nullfont!
Missing character: There is no a in font nullfont!
Missing character: There is no r in font nullfont!
Missing character: There is no o in font nullfont!
Missing character: There is no u in font nullfont!
Missing character: There is no n in font nullfont!
Missing character: There is no d in font nullfont!
Missing character: There is no = in font nullfont!
Missing character: There is no 3 in font nullfont!
Missing character: There is no 0 in font nullfont!
Missing character: There is no : in font nullfont!
Missing character: There is no ( in font nullfont!
Missing character: There is no 4 in font nullfont!
Missing character: There is no 0 in font nullfont!
Missing character: There is no , in font nullfont!
Missing character: There is no 3 in font nullfont!
Missing character: There is no 7 in font nullfont!
Missing character: There is no ) in font nullfont!
Missing character: There is no ] in font nullfont!
Missing character: There is no ( in font nullfont!
Missing character: There is no 4 in font nullfont!
Missing character: There is no 0 in font nullfont!
Missing character: There is no , in font nullfont!
Missing character: There is no 3 in font nullfont!
Missing character: There is no 7 in font nullfont!
Missing character: There is no ) in font nullfont!
Missing character: There is no e in font nullfont!
Missing character: There is no l in font nullfont!
Missing character: There is no l in font nullfont!
Missing character: There is no i in font nullfont!
Missing character: There is no p in font nullfont!
Missing character: There is no s in font nullfont!
Missing character: There is no e in font nullfont!
Missing character: There is no ( in font nullfont!
Missing character: There is no 5 in font nullfont!
Missing character: There is no a in font nullfont!
Missing character: There is no n in font nullfont!
Missing character: There is no d in font nullfont!
Missing character: There is no 3 in font nullfont!
Missing character: There is no ) in font nullfont!
Missing character: There is no ; in font nullfont!
Missing character: There is no [ in font nullfont!
Missing character: There is no v in font nullfont!
Missing character: There is no e in font nullfont!
Missing character: There is no r in font nullfont!
Missing character: There is no y in font nullfont!
Missing character: There is no t in font nullfont!
Missing character: There is no h in font nullfont!
Missing character: There is no i in font nullfont!
Missing character: There is no c in font nullfont!
Missing character: There is no k in font nullfont!
Missing character: There is no , in font nullfont!
Missing character: There is no r in font nullfont!
Missing character: There is no o in font nullfont!
Missing character: There is no t in font nullfont!
Missing character: There is no a in font nullfont!
Missing character: There is no t in font nullfont!
Missing character: There is no e in font nullfont!
Missing character: There is no a in font nullfont!
Missing character: There is no r in font nullfont!
Missing character: There is no o in font nullfont!
Missing character: There is no u in font nullfont!
Missing character: There is no n in font nullfont!
Missing character: There is no d in font nullfont!
Missing character: There is no = in font nullfont!
Missing character: There is no - in font nullfont!
Missing character: There is no 2 in font nullfont!
Missing character: There is no 0 in font nullfont!
Missing character: There is no : in font nullfont!
Missing character: There is no ( in font nullfont!
Missing character: There is no 2 in font nullfont!
Missing character: There is no 4 in font nullfont!
Missing character: There is no , in font nullfont!
Missing character: There is no 2 in font nullfont!
Missing character: There is no 7 in font nullfont!
Missing character: There is no . in font nullfont!
Missing character: There is no 7 in font nullfont!
Missing character: There is no ) in font nullfont!
Missing character: There is no ] in font nullfont!
Missing character: There is no ( in font nullfont!
Missing character: There is no 2 in font nullfont!
Missing character: There is no 4 in font nullfont!
Missing character: There is no , in font nullfont!
Missing character: There is no 2 in font nullfont!
Missing character: There is no 7 in font nullfont!
Missing character: There is no ) in font nullfont!
Missing character: There is no e in font nullfont!
Missing character: There is no l in font nullfont!
Missing character: There is no l in font nullfont!
Missing character: There is no i in font nullfont!
Missing character: There is no p in font nullfont!
Missing character: There is no s in font nullfont!
Missing character: There is no e in font nullfont!
Missing character: There is no ( in font nullfont!
Missing character: There is no 7 in font nullfont!
Missing character: There is no a in font nullfont!
Missing character: There is no n in font nullfont!
Missing character: There is no d in font nullfont!
Missing character: There is no 6 in font nullfont!
Missing character: There is no ) in font nullfont!
Missing character: There is no ; in font nullfont!

Overfull \hbox (3.8639pt too wide) in paragraph at lines 733--733
 [][] 
 []

[48

]
Missing character: There is no [ in font nullfont!
Missing character: There is no v in font nullfont!
Missing character: There is no e in font nullfont!
Missing character: There is no r in font nullfont!
Missing character: There is no y in font nullfont!
Missing character: There is no t in font nullfont!
Missing character: There is no h in font nullfont!
Missing character: There is no i in font nullfont!
Missing character: There is no c in font nullfont!
Missing character: There is no k in font nullfont!
Missing character: There is no , in font nullfont!
Missing character: There is no r in font nullfont!
Missing character: There is no o in font nullfont!
Missing character: There is no t in font nullfont!
Missing character: There is no a in font nullfont!
Missing character: There is no t in font nullfont!
Missing character: There is no e in font nullfont!
Missing character: There is no a in font nullfont!
Missing character: There is no r in font nullfont!
Missing character: There is no o in font nullfont!
Missing character: There is no u in font nullfont!
Missing character: There is no n in font nullfont!
Missing character: There is no d in font nullfont!
Missing character: There is no = in font nullfont!
Missing character: There is no 3 in font nullfont!
Missing character: There is no 0 in font nullfont!
Missing character: There is no : in font nullfont!
Missing character: There is no ( in font nullfont!
Missing character: There is no 4 in font nullfont!
Missing character: There is no 0 in font nullfont!
Missing character: There is no , in font nullfont!
Missing character: There is no 3 in font nullfont!
Missing character: There is no 6 in font nullfont!
Missing character: There is no ) in font nullfont!
Missing character: There is no ] in font nullfont!
Missing character: There is no ( in font nullfont!
Missing character: There is no 4 in font nullfont!
Missing character: There is no 0 in font nullfont!
Missing character: There is no , in font nullfont!
Missing character: There is no 3 in font nullfont!
Missing character: There is no 6 in font nullfont!
Missing character: There is no ) in font nullfont!
Missing character: There is no e in font nullfont!
Missing character: There is no l in font nullfont!
Missing character: There is no l in font nullfont!
Missing character: There is no i in font nullfont!
Missing character: There is no p in font nullfont!
Missing character: There is no s in font nullfont!
Missing character: There is no e in font nullfont!
Missing character: There is no ( in font nullfont!
Missing character: There is no 7 in font nullfont!
Missing character: There is no a in font nullfont!
Missing character: There is no n in font nullfont!
Missing character: There is no d in font nullfont!
Missing character: There is no 5 in font nullfont!
Missing character: There is no ) in font nullfont!
Missing character: There is no ; in font nullfont!
Missing character: There is no [ in font nullfont!
Missing character: There is no v in font nullfont!
Missing character: There is no e in font nullfont!
Missing character: There is no r in font nullfont!
Missing character: There is no y in font nullfont!
Missing character: There is no t in font nullfont!
Missing character: There is no h in font nullfont!
Missing character: There is no i in font nullfont!
Missing character: There is no c in font nullfont!
Missing character: There is no k in font nullfont!
Missing character: There is no , in font nullfont!
Missing character: There is no r in font nullfont!
Missing character: There is no o in font nullfont!
Missing character: There is no t in font nullfont!
Missing character: There is no a in font nullfont!
Missing character: There is no t in font nullfont!
Missing character: There is no e in font nullfont!
Missing character: There is no a in font nullfont!
Missing character: There is no r in font nullfont!
Missing character: There is no o in font nullfont!
Missing character: There is no u in font nullfont!
Missing character: There is no n in font nullfont!
Missing character: There is no d in font nullfont!
Missing character: There is no = in font nullfont!
Missing character: There is no 3 in font nullfont!
Missing character: There is no 0 in font nullfont!
Missing character: There is no : in font nullfont!
Missing character: There is no ( in font nullfont!
Missing character: There is no 4 in font nullfont!
Missing character: There is no 0 in font nullfont!
Missing character: There is no , in font nullfont!
Missing character: There is no 3 in font nullfont!
Missing character: There is no 7 in font nullfont!
Missing character: There is no ) in font nullfont!
Missing character: There is no ] in font nullfont!
Missing character: There is no ( in font nullfont!
Missing character: There is no 4 in font nullfont!
Missing character: There is no 0 in font nullfont!
Missing character: There is no , in font nullfont!
Missing character: There is no 3 in font nullfont!
Missing character: There is no 7 in font nullfont!
Missing character: There is no ) in font nullfont!
Missing character: There is no e in font nullfont!
Missing character: There is no l in font nullfont!
Missing character: There is no l in font nullfont!
Missing character: There is no i in font nullfont!
Missing character: There is no p in font nullfont!
Missing character: There is no s in font nullfont!
Missing character: There is no e in font nullfont!
Missing character: There is no ( in font nullfont!
Missing character: There is no 5 in font nullfont!
Missing character: There is no a in font nullfont!
Missing character: There is no n in font nullfont!
Missing character: There is no d in font nullfont!
Missing character: There is no 3 in font nullfont!
Missing character: There is no ) in font nullfont!
Missing character: There is no ; in font nullfont!
Missing character: There is no [ in font nullfont!
Missing character: There is no v in font nullfont!
Missing character: There is no e in font nullfont!
Missing character: There is no r in font nullfont!
Missing character: There is no y in font nullfont!
Missing character: There is no t in font nullfont!
Missing character: There is no h in font nullfont!
Missing character: There is no i in font nullfont!
Missing character: There is no c in font nullfont!
Missing character: There is no k in font nullfont!
Missing character: There is no , in font nullfont!
Missing character: There is no r in font nullfont!
Missing character: There is no o in font nullfont!
Missing character: There is no t in font nullfont!
Missing character: There is no a in font nullfont!
Missing character: There is no t in font nullfont!
Missing character: There is no e in font nullfont!
Missing character: There is no a in font nullfont!
Missing character: There is no r in font nullfont!
Missing character: There is no o in font nullfont!
Missing character: There is no u in font nullfont!
Missing character: There is no n in font nullfont!
Missing character: There is no d in font nullfont!
Missing character: There is no = in font nullfont!
Missing character: There is no - in font nullfont!
Missing character: There is no 2 in font nullfont!
Missing character: There is no 0 in font nullfont!
Missing character: There is no : in font nullfont!
Missing character: There is no ( in font nullfont!
Missing character: There is no 2 in font nullfont!
Missing character: There is no 4 in font nullfont!
Missing character: There is no , in font nullfont!
Missing character: There is no 2 in font nullfont!
Missing character: There is no 7 in font nullfont!
Missing character: There is no . in font nullfont!
Missing character: There is no 7 in font nullfont!
Missing character: There is no ) in font nullfont!
Missing character: There is no ] in font nullfont!
Missing character: There is no ( in font nullfont!
Missing character: There is no 2 in font nullfont!
Missing character: There is no 4 in font nullfont!
Missing character: There is no , in font nullfont!
Missing character: There is no 2 in font nullfont!
Missing character: There is no 7 in font nullfont!
Missing character: There is no ) in font nullfont!
Missing character: There is no e in font nullfont!
Missing character: There is no l in font nullfont!
Missing character: There is no l in font nullfont!
Missing character: There is no i in font nullfont!
Missing character: There is no p in font nullfont!
Missing character: There is no s in font nullfont!
Missing character: There is no e in font nullfont!
Missing character: There is no ( in font nullfont!
Missing character: There is no 7 in font nullfont!
Missing character: There is no a in font nullfont!
Missing character: There is no n in font nullfont!
Missing character: There is no d in font nullfont!
Missing character: There is no 6 in font nullfont!
Missing character: There is no ) in font nullfont!
Missing character: There is no ; in font nullfont!
Missing character: There is no [ in font nullfont!
Missing character: There is no v in font nullfont!
Missing character: There is no e in font nullfont!
Missing character: There is no r in font nullfont!
Missing character: There is no y in font nullfont!
Missing character: There is no t in font nullfont!
Missing character: There is no h in font nullfont!
Missing character: There is no i in font nullfont!
Missing character: There is no c in font nullfont!
Missing character: There is no k in font nullfont!
Missing character: There is no , in font nullfont!
Missing character: There is no r in font nullfont!
Missing character: There is no o in font nullfont!
Missing character: There is no t in font nullfont!
Missing character: There is no a in font nullfont!
Missing character: There is no t in font nullfont!
Missing character: There is no e in font nullfont!
Missing character: There is no a in font nullfont!
Missing character: There is no r in font nullfont!
Missing character: There is no o in font nullfont!
Missing character: There is no u in font nullfont!
Missing character: There is no n in font nullfont!
Missing character: There is no d in font nullfont!
Missing character: There is no = in font nullfont!
Missing character: There is no - in font nullfont!
Missing character: There is no 2 in font nullfont!
Missing character: There is no 0 in font nullfont!
Missing character: There is no : in font nullfont!
Missing character: There is no ( in font nullfont!
Missing character: There is no 2 in font nullfont!
Missing character: There is no 2 in font nullfont!
Missing character: There is no . in font nullfont!
Missing character: There is no 8 in font nullfont!
Missing character: There is no , in font nullfont!
Missing character: There is no 2 in font nullfont!
Missing character: There is no 6 in font nullfont!
Missing character: There is no ) in font nullfont!
Missing character: There is no ] in font nullfont!
Missing character: There is no ( in font nullfont!
Missing character: There is no 2 in font nullfont!
Missing character: There is no 2 in font nullfont!
Missing character: There is no . in font nullfont!
Missing character: There is no 8 in font nullfont!
Missing character: There is no , in font nullfont!
Missing character: There is no 2 in font nullfont!
Missing character: There is no 6 in font nullfont!
Missing character: There is no ) in font nullfont!
Missing character: There is no e in font nullfont!
Missing character: There is no l in font nullfont!
Missing character: There is no l in font nullfont!
Missing character: There is no i in font nullfont!
Missing character: There is no p in font nullfont!
Missing character: There is no s in font nullfont!
Missing character: There is no e in font nullfont!
Missing character: There is no ( in font nullfont!
Missing character: There is no 5 in font nullfont!
Missing character: There is no a in font nullfont!
Missing character: There is no n in font nullfont!
Missing character: There is no d in font nullfont!
Missing character: There is no 4 in font nullfont!
Missing character: There is no ) in font nullfont!
Missing character: There is no ; in font nullfont!

Overfull \hbox (3.8639pt too wide) in paragraph at lines 733--733
 [][] 
 []

[49

]
Missing character: There is no [ in font nullfont!
Missing character: There is no v in font nullfont!
Missing character: There is no e in font nullfont!
Missing character: There is no r in font nullfont!
Missing character: There is no y in font nullfont!
Missing character: There is no t in font nullfont!
Missing character: There is no h in font nullfont!
Missing character: There is no i in font nullfont!
Missing character: There is no c in font nullfont!
Missing character: There is no k in font nullfont!
Missing character: There is no , in font nullfont!
Missing character: There is no r in font nullfont!
Missing character: There is no o in font nullfont!
Missing character: There is no t in font nullfont!
Missing character: There is no a in font nullfont!
Missing character: There is no t in font nullfont!
Missing character: There is no e in font nullfont!
Missing character: There is no a in font nullfont!
Missing character: There is no r in font nullfont!
Missing character: There is no o in font nullfont!
Missing character: There is no u in font nullfont!
Missing character: There is no n in font nullfont!
Missing character: There is no d in font nullfont!
Missing character: There is no = in font nullfont!
Missing character: There is no 3 in font nullfont!
Missing character: There is no 0 in font nullfont!
Missing character: There is no : in font nullfont!
Missing character: There is no ( in font nullfont!
Missing character: There is no 4 in font nullfont!
Missing character: There is no 0 in font nullfont!
Missing character: There is no , in font nullfont!
Missing character: There is no 3 in font nullfont!
Missing character: There is no 6 in font nullfont!
Missing character: There is no ) in font nullfont!
Missing character: There is no ] in font nullfont!
Missing character: There is no ( in font nullfont!
Missing character: There is no 4 in font nullfont!
Missing character: There is no 0 in font nullfont!
Missing character: There is no , in font nullfont!
Missing character: There is no 3 in font nullfont!
Missing character: There is no 6 in font nullfont!
Missing character: There is no ) in font nullfont!
Missing character: There is no e in font nullfont!
Missing character: There is no l in font nullfont!
Missing character: There is no l in font nullfont!
Missing character: There is no i in font nullfont!
Missing character: There is no p in font nullfont!
Missing character: There is no s in font nullfont!
Missing character: There is no e in font nullfont!
Missing character: There is no ( in font nullfont!
Missing character: There is no 7 in font nullfont!
Missing character: There is no a in font nullfont!
Missing character: There is no n in font nullfont!
Missing character: There is no d in font nullfont!
Missing character: There is no 5 in font nullfont!
Missing character: There is no ) in font nullfont!
Missing character: There is no ; in font nullfont!
Missing character: There is no [ in font nullfont!
Missing character: There is no v in font nullfont!
Missing character: There is no e in font nullfont!
Missing character: There is no r in font nullfont!
Missing character: There is no y in font nullfont!
Missing character: There is no t in font nullfont!
Missing character: There is no h in font nullfont!
Missing character: There is no i in font nullfont!
Missing character: There is no c in font nullfont!
Missing character: There is no k in font nullfont!
Missing character: There is no , in font nullfont!
Missing character: There is no r in font nullfont!
Missing character: There is no o in font nullfont!
Missing character: There is no t in font nullfont!
Missing character: There is no a in font nullfont!
Missing character: There is no t in font nullfont!
Missing character: There is no e in font nullfont!
Missing character: There is no a in font nullfont!
Missing character: There is no r in font nullfont!
Missing character: There is no o in font nullfont!
Missing character: There is no u in font nullfont!
Missing character: There is no n in font nullfont!
Missing character: There is no d in font nullfont!
Missing character: There is no = in font nullfont!
Missing character: There is no 3 in font nullfont!
Missing character: There is no 0 in font nullfont!
Missing character: There is no : in font nullfont!
Missing character: There is no ( in font nullfont!
Missing character: There is no 4 in font nullfont!
Missing character: There is no 0 in font nullfont!
Missing character: There is no , in font nullfont!
Missing character: There is no 3 in font nullfont!
Missing character: There is no 7 in font nullfont!
Missing character: There is no ) in font nullfont!
Missing character: There is no ] in font nullfont!
Missing character: There is no ( in font nullfont!
Missing character: There is no 4 in font nullfont!
Missing character: There is no 0 in font nullfont!
Missing character: There is no , in font nullfont!
Missing character: There is no 3 in font nullfont!
Missing character: There is no 7 in font nullfont!
Missing character: There is no ) in font nullfont!
Missing character: There is no e in font nullfont!
Missing character: There is no l in font nullfont!
Missing character: There is no l in font nullfont!
Missing character: There is no i in font nullfont!
Missing character: There is no p in font nullfont!
Missing character: There is no s in font nullfont!
Missing character: There is no e in font nullfont!
Missing character: There is no ( in font nullfont!
Missing character: There is no 5 in font nullfont!
Missing character: There is no a in font nullfont!
Missing character: There is no n in font nullfont!
Missing character: There is no d in font nullfont!
Missing character: There is no 3 in font nullfont!
Missing character: There is no ) in font nullfont!
Missing character: There is no ; in font nullfont!
Missing character: There is no [ in font nullfont!
Missing character: There is no v in font nullfont!
Missing character: There is no e in font nullfont!
Missing character: There is no r in font nullfont!
Missing character: There is no y in font nullfont!
Missing character: There is no t in font nullfont!
Missing character: There is no h in font nullfont!
Missing character: There is no i in font nullfont!
Missing character: There is no c in font nullfont!
Missing character: There is no k in font nullfont!
Missing character: There is no , in font nullfont!
Missing character: There is no r in font nullfont!
Missing character: There is no o in font nullfont!
Missing character: There is no t in font nullfont!
Missing character: There is no a in font nullfont!
Missing character: There is no t in font nullfont!
Missing character: There is no e in font nullfont!
Missing character: There is no a in font nullfont!
Missing character: There is no r in font nullfont!
Missing character: There is no o in font nullfont!
Missing character: There is no u in font nullfont!
Missing character: There is no n in font nullfont!
Missing character: There is no d in font nullfont!
Missing character: There is no = in font nullfont!
Missing character: There is no - in font nullfont!
Missing character: There is no 2 in font nullfont!
Missing character: There is no 0 in font nullfont!
Missing character: There is no : in font nullfont!
Missing character: There is no ( in font nullfont!
Missing character: There is no 2 in font nullfont!
Missing character: There is no 4 in font nullfont!
Missing character: There is no , in font nullfont!
Missing character: There is no 2 in font nullfont!
Missing character: There is no 7 in font nullfont!
Missing character: There is no . in font nullfont!
Missing character: There is no 7 in font nullfont!
Missing character: There is no ) in font nullfont!
Missing character: There is no ] in font nullfont!
Missing character: There is no ( in font nullfont!
Missing character: There is no 2 in font nullfont!
Missing character: There is no 4 in font nullfont!
Missing character: There is no , in font nullfont!
Missing character: There is no 2 in font nullfont!
Missing character: There is no 7 in font nullfont!
Missing character: There is no ) in font nullfont!
Missing character: There is no e in font nullfont!
Missing character: There is no l in font nullfont!
Missing character: There is no l in font nullfont!
Missing character: There is no i in font nullfont!
Missing character: There is no p in font nullfont!
Missing character: There is no s in font nullfont!
Missing character: There is no e in font nullfont!
Missing character: There is no ( in font nullfont!
Missing character: There is no 7 in font nullfont!
Missing character: There is no a in font nullfont!
Missing character: There is no n in font nullfont!
Missing character: There is no d in font nullfont!
Missing character: There is no 6 in font nullfont!
Missing character: There is no ) in font nullfont!
Missing character: There is no ; in font nullfont!
Missing character: There is no [ in font nullfont!
Missing character: There is no v in font nullfont!
Missing character: There is no e in font nullfont!
Missing character: There is no r in font nullfont!
Missing character: There is no y in font nullfont!
Missing character: There is no t in font nullfont!
Missing character: There is no h in font nullfont!
Missing character: There is no i in font nullfont!
Missing character: There is no c in font nullfont!
Missing character: There is no k in font nullfont!
Missing character: There is no , in font nullfont!
Missing character: There is no r in font nullfont!
Missing character: There is no o in font nullfont!
Missing character: There is no t in font nullfont!
Missing character: There is no a in font nullfont!
Missing character: There is no t in font nullfont!
Missing character: There is no e in font nullfont!
Missing character: There is no a in font nullfont!
Missing character: There is no r in font nullfont!
Missing character: There is no o in font nullfont!
Missing character: There is no u in font nullfont!
Missing character: There is no n in font nullfont!
Missing character: There is no d in font nullfont!
Missing character: There is no = in font nullfont!
Missing character: There is no - in font nullfont!
Missing character: There is no 2 in font nullfont!
Missing character: There is no 0 in font nullfont!
Missing character: There is no : in font nullfont!
Missing character: There is no ( in font nullfont!
Missing character: There is no 2 in font nullfont!
Missing character: There is no 2 in font nullfont!
Missing character: There is no . in font nullfont!
Missing character: There is no 8 in font nullfont!
Missing character: There is no , in font nullfont!
Missing character: There is no 2 in font nullfont!
Missing character: There is no 6 in font nullfont!
Missing character: There is no ) in font nullfont!
Missing character: There is no ] in font nullfont!
Missing character: There is no ( in font nullfont!
Missing character: There is no 2 in font nullfont!
Missing character: There is no 2 in font nullfont!
Missing character: There is no . in font nullfont!
Missing character: There is no 8 in font nullfont!
Missing character: There is no , in font nullfont!
Missing character: There is no 2 in font nullfont!
Missing character: There is no 6 in font nullfont!
Missing character: There is no ) in font nullfont!
Missing character: There is no e in font nullfont!
Missing character: There is no l in font nullfont!
Missing character: There is no l in font nullfont!
Missing character: There is no i in font nullfont!
Missing character: There is no p in font nullfont!
Missing character: There is no s in font nullfont!
Missing character: There is no e in font nullfont!
Missing character: There is no ( in font nullfont!
Missing character: There is no 5 in font nullfont!
Missing character: There is no a in font nullfont!
Missing character: There is no n in font nullfont!
Missing character: There is no d in font nullfont!
Missing character: There is no 4 in font nullfont!
Missing character: There is no ) in font nullfont!
Missing character: There is no ; in font nullfont!

Overfull \hbox (3.8639pt too wide) in paragraph at lines 733--733
 [][] 
 []

[50

]
Missing character: There is no [ in font nullfont!
Missing character: There is no v in font nullfont!
Missing character: There is no e in font nullfont!
Missing character: There is no r in font nullfont!
Missing character: There is no y in font nullfont!
Missing character: There is no t in font nullfont!
Missing character: There is no h in font nullfont!
Missing character: There is no i in font nullfont!
Missing character: There is no c in font nullfont!
Missing character: There is no k in font nullfont!
Missing character: There is no , in font nullfont!
Missing character: There is no r in font nullfont!
Missing character: There is no o in font nullfont!
Missing character: There is no t in font nullfont!
Missing character: There is no a in font nullfont!
Missing character: There is no t in font nullfont!
Missing character: There is no e in font nullfont!
Missing character: There is no a in font nullfont!
Missing character: There is no r in font nullfont!
Missing character: There is no o in font nullfont!
Missing character: There is no u in font nullfont!
Missing character: There is no n in font nullfont!
Missing character: There is no d in font nullfont!
Missing character: There is no = in font nullfont!
Missing character: There is no 3 in font nullfont!
Missing character: There is no 0 in font nullfont!
Missing character: There is no : in font nullfont!
Missing character: There is no ( in font nullfont!
Missing character: There is no 4 in font nullfont!
Missing character: There is no 0 in font nullfont!
Missing character: There is no , in font nullfont!
Missing character: There is no 3 in font nullfont!
Missing character: There is no 6 in font nullfont!
Missing character: There is no ) in font nullfont!
Missing character: There is no ] in font nullfont!
Missing character: There is no ( in font nullfont!
Missing character: There is no 4 in font nullfont!
Missing character: There is no 0 in font nullfont!
Missing character: There is no , in font nullfont!
Missing character: There is no 3 in font nullfont!
Missing character: There is no 6 in font nullfont!
Missing character: There is no ) in font nullfont!
Missing character: There is no e in font nullfont!
Missing character: There is no l in font nullfont!
Missing character: There is no l in font nullfont!
Missing character: There is no i in font nullfont!
Missing character: There is no p in font nullfont!
Missing character: There is no s in font nullfont!
Missing character: There is no e in font nullfont!
Missing character: There is no ( in font nullfont!
Missing character: There is no 7 in font nullfont!
Missing character: There is no a in font nullfont!
Missing character: There is no n in font nullfont!
Missing character: There is no d in font nullfont!
Missing character: There is no 5 in font nullfont!
Missing character: There is no ) in font nullfont!
Missing character: There is no ; in font nullfont!
Missing character: There is no [ in font nullfont!
Missing character: There is no v in font nullfont!
Missing character: There is no e in font nullfont!
Missing character: There is no r in font nullfont!
Missing character: There is no y in font nullfont!
Missing character: There is no t in font nullfont!
Missing character: There is no h in font nullfont!
Missing character: There is no i in font nullfont!
Missing character: There is no c in font nullfont!
Missing character: There is no k in font nullfont!
Missing character: There is no , in font nullfont!
Missing character: There is no r in font nullfont!
Missing character: There is no o in font nullfont!
Missing character: There is no t in font nullfont!
Missing character: There is no a in font nullfont!
Missing character: There is no t in font nullfont!
Missing character: There is no e in font nullfont!
Missing character: There is no a in font nullfont!
Missing character: There is no r in font nullfont!
Missing character: There is no o in font nullfont!
Missing character: There is no u in font nullfont!
Missing character: There is no n in font nullfont!
Missing character: There is no d in font nullfont!
Missing character: There is no = in font nullfont!
Missing character: There is no - in font nullfont!
Missing character: There is no 2 in font nullfont!
Missing character: There is no 0 in font nullfont!
Missing character: There is no : in font nullfont!
Missing character: There is no ( in font nullfont!
Missing character: There is no 2 in font nullfont!
Missing character: There is no 4 in font nullfont!
Missing character: There is no , in font nullfont!
Missing character: There is no 2 in font nullfont!
Missing character: There is no 7 in font nullfont!
Missing character: There is no . in font nullfont!
Missing character: There is no 7 in font nullfont!
Missing character: There is no ) in font nullfont!
Missing character: There is no ] in font nullfont!
Missing character: There is no ( in font nullfont!
Missing character: There is no 2 in font nullfont!
Missing character: There is no 4 in font nullfont!
Missing character: There is no , in font nullfont!
Missing character: There is no 2 in font nullfont!
Missing character: There is no 7 in font nullfont!
Missing character: There is no ) in font nullfont!
Missing character: There is no e in font nullfont!
Missing character: There is no l in font nullfont!
Missing character: There is no l in font nullfont!
Missing character: There is no i in font nullfont!
Missing character: There is no p in font nullfont!
Missing character: There is no s in font nullfont!
Missing character: There is no e in font nullfont!
Missing character: There is no ( in font nullfont!
Missing character: There is no 7 in font nullfont!
Missing character: There is no a in font nullfont!
Missing character: There is no n in font nullfont!
Missing character: There is no d in font nullfont!
Missing character: There is no 6 in font nullfont!
Missing character: There is no ) in font nullfont!
Missing character: There is no ; in font nullfont!
Missing character: There is no [ in font nullfont!
Missing character: There is no v in font nullfont!
Missing character: There is no e in font nullfont!
Missing character: There is no r in font nullfont!
Missing character: There is no y in font nullfont!
Missing character: There is no t in font nullfont!
Missing character: There is no h in font nullfont!
Missing character: There is no i in font nullfont!
Missing character: There is no c in font nullfont!
Missing character: There is no k in font nullfont!
Missing character: There is no , in font nullfont!
Missing character: There is no r in font nullfont!
Missing character: There is no o in font nullfont!
Missing character: There is no t in font nullfont!
Missing character: There is no a in font nullfont!
Missing character: There is no t in font nullfont!
Missing character: There is no e in font nullfont!
Missing character: There is no a in font nullfont!
Missing character: There is no r in font nullfont!
Missing character: There is no o in font nullfont!
Missing character: There is no u in font nullfont!
Missing character: There is no n in font nullfont!
Missing character: There is no d in font nullfont!
Missing character: There is no = in font nullfont!
Missing character: There is no - in font nullfont!
Missing character: There is no 2 in font nullfont!
Missing character: There is no 0 in font nullfont!
Missing character: There is no : in font nullfont!
Missing character: There is no ( in font nullfont!
Missing character: There is no 2 in font nullfont!
Missing character: There is no 2 in font nullfont!
Missing character: There is no . in font nullfont!
Missing character: There is no 8 in font nullfont!
Missing character: There is no , in font nullfont!
Missing character: There is no 2 in font nullfont!
Missing character: There is no 6 in font nullfont!
Missing character: There is no ) in font nullfont!
Missing character: There is no ] in font nullfont!
Missing character: There is no ( in font nullfont!
Missing character: There is no 2 in font nullfont!
Missing character: There is no 2 in font nullfont!
Missing character: There is no . in font nullfont!
Missing character: There is no 8 in font nullfont!
Missing character: There is no , in font nullfont!
Missing character: There is no 2 in font nullfont!
Missing character: There is no 6 in font nullfont!
Missing character: There is no ) in font nullfont!
Missing character: There is no e in font nullfont!
Missing character: There is no l in font nullfont!
Missing character: There is no l in font nullfont!
Missing character: There is no i in font nullfont!
Missing character: There is no p in font nullfont!
Missing character: There is no s in font nullfont!
Missing character: There is no e in font nullfont!
Missing character: There is no ( in font nullfont!
Missing character: There is no 5 in font nullfont!
Missing character: There is no a in font nullfont!
Missing character: There is no n in font nullfont!
Missing character: There is no d in font nullfont!
Missing character: There is no 4 in font nullfont!
Missing character: There is no ) in font nullfont!
Missing character: There is no ; in font nullfont!

Overfull \hbox (3.8639pt too wide) in paragraph at lines 733--733
 [][] 
 []

[51

]
Missing character: There is no [ in font nullfont!
Missing character: There is no v in font nullfont!
Missing character: There is no e in font nullfont!
Missing character: There is no r in font nullfont!
Missing character: There is no y in font nullfont!
Missing character: There is no t in font nullfont!
Missing character: There is no h in font nullfont!
Missing character: There is no i in font nullfont!
Missing character: There is no c in font nullfont!
Missing character: There is no k in font nullfont!
Missing character: There is no , in font nullfont!
Missing character: There is no r in font nullfont!
Missing character: There is no o in font nullfont!
Missing character: There is no t in font nullfont!
Missing character: There is no a in font nullfont!
Missing character: There is no t in font nullfont!
Missing character: There is no e in font nullfont!
Missing character: There is no a in font nullfont!
Missing character: There is no r in font nullfont!
Missing character: There is no o in font nullfont!
Missing character: There is no u in font nullfont!
Missing character: There is no n in font nullfont!
Missing character: There is no d in font nullfont!
Missing character: There is no = in font nullfont!
Missing character: There is no 3 in font nullfont!
Missing character: There is no 0 in font nullfont!
Missing character: There is no : in font nullfont!
Missing character: There is no ( in font nullfont!
Missing character: There is no 4 in font nullfont!
Missing character: There is no 0 in font nullfont!
Missing character: There is no , in font nullfont!
Missing character: There is no 3 in font nullfont!
Missing character: There is no 6 in font nullfont!
Missing character: There is no ) in font nullfont!
Missing character: There is no ] in font nullfont!
Missing character: There is no ( in font nullfont!
Missing character: There is no 4 in font nullfont!
Missing character: There is no 0 in font nullfont!
Missing character: There is no , in font nullfont!
Missing character: There is no 3 in font nullfont!
Missing character: There is no 6 in font nullfont!
Missing character: There is no ) in font nullfont!
Missing character: There is no e in font nullfont!
Missing character: There is no l in font nullfont!
Missing character: There is no l in font nullfont!
Missing character: There is no i in font nullfont!
Missing character: There is no p in font nullfont!
Missing character: There is no s in font nullfont!
Missing character: There is no e in font nullfont!
Missing character: There is no ( in font nullfont!
Missing character: There is no 7 in font nullfont!
Missing character: There is no a in font nullfont!
Missing character: There is no n in font nullfont!
Missing character: There is no d in font nullfont!
Missing character: There is no 5 in font nullfont!
Missing character: There is no ) in font nullfont!
Missing character: There is no ; in font nullfont!
Missing character: There is no [ in font nullfont!
Missing character: There is no v in font nullfont!
Missing character: There is no e in font nullfont!
Missing character: There is no r in font nullfont!
Missing character: There is no y in font nullfont!
Missing character: There is no t in font nullfont!
Missing character: There is no h in font nullfont!
Missing character: There is no i in font nullfont!
Missing character: There is no c in font nullfont!
Missing character: There is no k in font nullfont!
Missing character: There is no , in font nullfont!
Missing character: There is no r in font nullfont!
Missing character: There is no o in font nullfont!
Missing character: There is no t in font nullfont!
Missing character: There is no a in font nullfont!
Missing character: There is no t in font nullfont!
Missing character: There is no e in font nullfont!
Missing character: There is no a in font nullfont!
Missing character: There is no r in font nullfont!
Missing character: There is no o in font nullfont!
Missing character: There is no u in font nullfont!
Missing character: There is no n in font nullfont!
Missing character: There is no d in font nullfont!
Missing character: There is no = in font nullfont!
Missing character: There is no - in font nullfont!
Missing character: There is no 2 in font nullfont!
Missing character: There is no 0 in font nullfont!
Missing character: There is no : in font nullfont!
Missing character: There is no ( in font nullfont!
Missing character: There is no 2 in font nullfont!
Missing character: There is no 4 in font nullfont!
Missing character: There is no , in font nullfont!
Missing character: There is no 2 in font nullfont!
Missing character: There is no 7 in font nullfont!
Missing character: There is no . in font nullfont!
Missing character: There is no 7 in font nullfont!
Missing character: There is no ) in font nullfont!
Missing character: There is no ] in font nullfont!
Missing character: There is no ( in font nullfont!
Missing character: There is no 2 in font nullfont!
Missing character: There is no 4 in font nullfont!
Missing character: There is no , in font nullfont!
Missing character: There is no 2 in font nullfont!
Missing character: There is no 7 in font nullfont!
Missing character: There is no ) in font nullfont!
Missing character: There is no e in font nullfont!
Missing character: There is no l in font nullfont!
Missing character: There is no l in font nullfont!
Missing character: There is no i in font nullfont!
Missing character: There is no p in font nullfont!
Missing character: There is no s in font nullfont!
Missing character: There is no e in font nullfont!
Missing character: There is no ( in font nullfont!
Missing character: There is no 7 in font nullfont!
Missing character: There is no a in font nullfont!
Missing character: There is no n in font nullfont!
Missing character: There is no d in font nullfont!
Missing character: There is no 6 in font nullfont!
Missing character: There is no ) in font nullfont!
Missing character: There is no ; in font nullfont!
Missing character: There is no [ in font nullfont!
Missing character: There is no v in font nullfont!
Missing character: There is no e in font nullfont!
Missing character: There is no r in font nullfont!
Missing character: There is no y in font nullfont!
Missing character: There is no t in font nullfont!
Missing character: There is no h in font nullfont!
Missing character: There is no i in font nullfont!
Missing character: There is no c in font nullfont!
Missing character: There is no k in font nullfont!
Missing character: There is no , in font nullfont!
Missing character: There is no r in font nullfont!
Missing character: There is no o in font nullfont!
Missing character: There is no t in font nullfont!
Missing character: There is no a in font nullfont!
Missing character: There is no t in font nullfont!
Missing character: There is no e in font nullfont!
Missing character: There is no a in font nullfont!
Missing character: There is no r in font nullfont!
Missing character: There is no o in font nullfont!
Missing character: There is no u in font nullfont!
Missing character: There is no n in font nullfont!
Missing character: There is no d in font nullfont!
Missing character: There is no = in font nullfont!
Missing character: There is no - in font nullfont!
Missing character: There is no 2 in font nullfont!
Missing character: There is no 0 in font nullfont!
Missing character: There is no : in font nullfont!
Missing character: There is no ( in font nullfont!
Missing character: There is no 2 in font nullfont!
Missing character: There is no 2 in font nullfont!
Missing character: There is no . in font nullfont!
Missing character: There is no 8 in font nullfont!
Missing character: There is no , in font nullfont!
Missing character: There is no 2 in font nullfont!
Missing character: There is no 6 in font nullfont!
Missing character: There is no ) in font nullfont!
Missing character: There is no ] in font nullfont!
Missing character: There is no ( in font nullfont!
Missing character: There is no 2 in font nullfont!
Missing character: There is no 2 in font nullfont!
Missing character: There is no . in font nullfont!
Missing character: There is no 8 in font nullfont!
Missing character: There is no , in font nullfont!
Missing character: There is no 2 in font nullfont!
Missing character: There is no 6 in font nullfont!
Missing character: There is no ) in font nullfont!
Missing character: There is no e in font nullfont!
Missing character: There is no l in font nullfont!
Missing character: There is no l in font nullfont!
Missing character: There is no i in font nullfont!
Missing character: There is no p in font nullfont!
Missing character: There is no s in font nullfont!
Missing character: There is no e in font nullfont!
Missing character: There is no ( in font nullfont!
Missing character: There is no 5 in font nullfont!
Missing character: There is no a in font nullfont!
Missing character: There is no n in font nullfont!
Missing character: There is no d in font nullfont!
Missing character: There is no 4 in font nullfont!
Missing character: There is no ) in font nullfont!
Missing character: There is no ; in font nullfont!

Overfull \hbox (3.8639pt too wide) in paragraph at lines 733--733
 [][] 
 []

[52

]
Missing character: There is no [ in font nullfont!
Missing character: There is no v in font nullfont!
Missing character: There is no e in font nullfont!
Missing character: There is no r in font nullfont!
Missing character: There is no y in font nullfont!
Missing character: There is no t in font nullfont!
Missing character: There is no h in font nullfont!
Missing character: There is no i in font nullfont!
Missing character: There is no c in font nullfont!
Missing character: There is no k in font nullfont!
Missing character: There is no , in font nullfont!
Missing character: There is no r in font nullfont!
Missing character: There is no o in font nullfont!
Missing character: There is no t in font nullfont!
Missing character: There is no a in font nullfont!
Missing character: There is no t in font nullfont!
Missing character: There is no e in font nullfont!
Missing character: There is no a in font nullfont!
Missing character: There is no r in font nullfont!
Missing character: There is no o in font nullfont!
Missing character: There is no u in font nullfont!
Missing character: There is no n in font nullfont!
Missing character: There is no d in font nullfont!
Missing character: There is no = in font nullfont!
Missing character: There is no 3 in font nullfont!
Missing character: There is no 0 in font nullfont!
Missing character: There is no : in font nullfont!
Missing character: There is no ( in font nullfont!
Missing character: There is no 4 in font nullfont!
Missing character: There is no 0 in font nullfont!
Missing character: There is no , in font nullfont!
Missing character: There is no 3 in font nullfont!
Missing character: There is no 6 in font nullfont!
Missing character: There is no ) in font nullfont!
Missing character: There is no ] in font nullfont!
Missing character: There is no ( in font nullfont!
Missing character: There is no 4 in font nullfont!
Missing character: There is no 0 in font nullfont!
Missing character: There is no , in font nullfont!
Missing character: There is no 3 in font nullfont!
Missing character: There is no 6 in font nullfont!
Missing character: There is no ) in font nullfont!
Missing character: There is no e in font nullfont!
Missing character: There is no l in font nullfont!
Missing character: There is no l in font nullfont!
Missing character: There is no i in font nullfont!
Missing character: There is no p in font nullfont!
Missing character: There is no s in font nullfont!
Missing character: There is no e in font nullfont!
Missing character: There is no ( in font nullfont!
Missing character: There is no 7 in font nullfont!
Missing character: There is no a in font nullfont!
Missing character: There is no n in font nullfont!
Missing character: There is no d in font nullfont!
Missing character: There is no 5 in font nullfont!
Missing character: There is no ) in font nullfont!
Missing character: There is no ; in font nullfont!
Missing character: There is no [ in font nullfont!
Missing character: There is no v in font nullfont!
Missing character: There is no e in font nullfont!
Missing character: There is no r in font nullfont!
Missing character: There is no y in font nullfont!
Missing character: There is no t in font nullfont!
Missing character: There is no h in font nullfont!
Missing character: There is no i in font nullfont!
Missing character: There is no c in font nullfont!
Missing character: There is no k in font nullfont!
Missing character: There is no , in font nullfont!
Missing character: There is no r in font nullfont!
Missing character: There is no o in font nullfont!
Missing character: There is no t in font nullfont!
Missing character: There is no a in font nullfont!
Missing character: There is no t in font nullfont!
Missing character: There is no e in font nullfont!
Missing character: There is no a in font nullfont!
Missing character: There is no r in font nullfont!
Missing character: There is no o in font nullfont!
Missing character: There is no u in font nullfont!
Missing character: There is no n in font nullfont!
Missing character: There is no d in font nullfont!
Missing character: There is no = in font nullfont!
Missing character: There is no - in font nullfont!
Missing character: There is no 2 in font nullfont!
Missing character: There is no 0 in font nullfont!
Missing character: There is no : in font nullfont!
Missing character: There is no ( in font nullfont!
Missing character: There is no 2 in font nullfont!
Missing character: There is no 4 in font nullfont!
Missing character: There is no , in font nullfont!
Missing character: There is no 2 in font nullfont!
Missing character: There is no 7 in font nullfont!
Missing character: There is no . in font nullfont!
Missing character: There is no 7 in font nullfont!
Missing character: There is no ) in font nullfont!
Missing character: There is no ] in font nullfont!
Missing character: There is no ( in font nullfont!
Missing character: There is no 2 in font nullfont!
Missing character: There is no 4 in font nullfont!
Missing character: There is no , in font nullfont!
Missing character: There is no 2 in font nullfont!
Missing character: There is no 7 in font nullfont!
Missing character: There is no ) in font nullfont!
Missing character: There is no e in font nullfont!
Missing character: There is no l in font nullfont!
Missing character: There is no l in font nullfont!
Missing character: There is no i in font nullfont!
Missing character: There is no p in font nullfont!
Missing character: There is no s in font nullfont!
Missing character: There is no e in font nullfont!
Missing character: There is no ( in font nullfont!
Missing character: There is no 7 in font nullfont!
Missing character: There is no a in font nullfont!
Missing character: There is no n in font nullfont!
Missing character: There is no d in font nullfont!
Missing character: There is no 6 in font nullfont!
Missing character: There is no ) in font nullfont!
Missing character: There is no ; in font nullfont!
Missing character: There is no [ in font nullfont!
Missing character: There is no v in font nullfont!
Missing character: There is no e in font nullfont!
Missing character: There is no r in font nullfont!
Missing character: There is no y in font nullfont!
Missing character: There is no t in font nullfont!
Missing character: There is no h in font nullfont!
Missing character: There is no i in font nullfont!
Missing character: There is no c in font nullfont!
Missing character: There is no k in font nullfont!
Missing character: There is no , in font nullfont!
Missing character: There is no r in font nullfont!
Missing character: There is no o in font nullfont!
Missing character: There is no t in font nullfont!
Missing character: There is no a in font nullfont!
Missing character: There is no t in font nullfont!
Missing character: There is no e in font nullfont!
Missing character: There is no a in font nullfont!
Missing character: There is no r in font nullfont!
Missing character: There is no o in font nullfont!
Missing character: There is no u in font nullfont!
Missing character: There is no n in font nullfont!
Missing character: There is no d in font nullfont!
Missing character: There is no = in font nullfont!
Missing character: There is no - in font nullfont!
Missing character: There is no 2 in font nullfont!
Missing character: There is no 0 in font nullfont!
Missing character: There is no : in font nullfont!
Missing character: There is no ( in font nullfont!
Missing character: There is no 2 in font nullfont!
Missing character: There is no 2 in font nullfont!
Missing character: There is no . in font nullfont!
Missing character: There is no 8 in font nullfont!
Missing character: There is no , in font nullfont!
Missing character: There is no 2 in font nullfont!
Missing character: There is no 6 in font nullfont!
Missing character: There is no ) in font nullfont!
Missing character: There is no ] in font nullfont!
Missing character: There is no ( in font nullfont!
Missing character: There is no 2 in font nullfont!
Missing character: There is no 2 in font nullfont!
Missing character: There is no . in font nullfont!
Missing character: There is no 8 in font nullfont!
Missing character: There is no , in font nullfont!
Missing character: There is no 2 in font nullfont!
Missing character: There is no 6 in font nullfont!
Missing character: There is no ) in font nullfont!
Missing character: There is no e in font nullfont!
Missing character: There is no l in font nullfont!
Missing character: There is no l in font nullfont!
Missing character: There is no i in font nullfont!
Missing character: There is no p in font nullfont!
Missing character: There is no s in font nullfont!
Missing character: There is no e in font nullfont!
Missing character: There is no ( in font nullfont!
Missing character: There is no 5 in font nullfont!
Missing character: There is no a in font nullfont!
Missing character: There is no n in font nullfont!
Missing character: There is no d in font nullfont!
Missing character: There is no 4 in font nullfont!
Missing character: There is no ) in font nullfont!
Missing character: There is no ; in font nullfont!

Overfull \hbox (3.8639pt too wide) in paragraph at lines 733--733
 [][] 
 []

[53

]
Missing character: There is no [ in font nullfont!
Missing character: There is no v in font nullfont!
Missing character: There is no e in font nullfont!
Missing character: There is no r in font nullfont!
Missing character: There is no y in font nullfont!
Missing character: There is no t in font nullfont!
Missing character: There is no h in font nullfont!
Missing character: There is no i in font nullfont!
Missing character: There is no c in font nullfont!
Missing character: There is no k in font nullfont!
Missing character: There is no , in font nullfont!
Missing character: There is no r in font nullfont!
Missing character: There is no o in font nullfont!
Missing character: There is no t in font nullfont!
Missing character: There is no a in font nullfont!
Missing character: There is no t in font nullfont!
Missing character: There is no e in font nullfont!
Missing character: There is no a in font nullfont!
Missing character: There is no r in font nullfont!
Missing character: There is no o in font nullfont!
Missing character: There is no u in font nullfont!
Missing character: There is no n in font nullfont!
Missing character: There is no d in font nullfont!
Missing character: There is no = in font nullfont!
Missing character: There is no 3 in font nullfont!
Missing character: There is no 0 in font nullfont!
Missing character: There is no : in font nullfont!
Missing character: There is no ( in font nullfont!
Missing character: There is no 4 in font nullfont!
Missing character: There is no 0 in font nullfont!
Missing character: There is no , in font nullfont!
Missing character: There is no 3 in font nullfont!
Missing character: There is no 6 in font nullfont!
Missing character: There is no ) in font nullfont!
Missing character: There is no ] in font nullfont!
Missing character: There is no ( in font nullfont!
Missing character: There is no 4 in font nullfont!
Missing character: There is no 0 in font nullfont!
Missing character: There is no , in font nullfont!
Missing character: There is no 3 in font nullfont!
Missing character: There is no 6 in font nullfont!
Missing character: There is no ) in font nullfont!
Missing character: There is no e in font nullfont!
Missing character: There is no l in font nullfont!
Missing character: There is no l in font nullfont!
Missing character: There is no i in font nullfont!
Missing character: There is no p in font nullfont!
Missing character: There is no s in font nullfont!
Missing character: There is no e in font nullfont!
Missing character: There is no ( in font nullfont!
Missing character: There is no 7 in font nullfont!
Missing character: There is no a in font nullfont!
Missing character: There is no n in font nullfont!
Missing character: There is no d in font nullfont!
Missing character: There is no 5 in font nullfont!
Missing character: There is no ) in font nullfont!
Missing character: There is no ; in font nullfont!
Missing character: There is no [ in font nullfont!
Missing character: There is no v in font nullfont!
Missing character: There is no e in font nullfont!
Missing character: There is no r in font nullfont!
Missing character: There is no y in font nullfont!
Missing character: There is no t in font nullfont!
Missing character: There is no h in font nullfont!
Missing character: There is no i in font nullfont!
Missing character: There is no c in font nullfont!
Missing character: There is no k in font nullfont!
Missing character: There is no , in font nullfont!
Missing character: There is no r in font nullfont!
Missing character: There is no o in font nullfont!
Missing character: There is no t in font nullfont!
Missing character: There is no a in font nullfont!
Missing character: There is no t in font nullfont!
Missing character: There is no e in font nullfont!
Missing character: There is no a in font nullfont!
Missing character: There is no r in font nullfont!
Missing character: There is no o in font nullfont!
Missing character: There is no u in font nullfont!
Missing character: There is no n in font nullfont!
Missing character: There is no d in font nullfont!
Missing character: There is no = in font nullfont!
Missing character: There is no 3 in font nullfont!
Missing character: There is no 0 in font nullfont!
Missing character: There is no : in font nullfont!
Missing character: There is no ( in font nullfont!
Missing character: There is no 4 in font nullfont!
Missing character: There is no 0 in font nullfont!
Missing character: There is no , in font nullfont!
Missing character: There is no 3 in font nullfont!
Missing character: There is no 7 in font nullfont!
Missing character: There is no ) in font nullfont!
Missing character: There is no ] in font nullfont!
Missing character: There is no ( in font nullfont!
Missing character: There is no 4 in font nullfont!
Missing character: There is no 0 in font nullfont!
Missing character: There is no , in font nullfont!
Missing character: There is no 3 in font nullfont!
Missing character: There is no 7 in font nullfont!
Missing character: There is no ) in font nullfont!
Missing character: There is no e in font nullfont!
Missing character: There is no l in font nullfont!
Missing character: There is no l in font nullfont!
Missing character: There is no i in font nullfont!
Missing character: There is no p in font nullfont!
Missing character: There is no s in font nullfont!
Missing character: There is no e in font nullfont!
Missing character: There is no ( in font nullfont!
Missing character: There is no 5 in font nullfont!
Missing character: There is no a in font nullfont!
Missing character: There is no n in font nullfont!
Missing character: There is no d in font nullfont!
Missing character: There is no 3 in font nullfont!
Missing character: There is no ) in font nullfont!
Missing character: There is no ; in font nullfont!
Missing character: There is no [ in font nullfont!
Missing character: There is no v in font nullfont!
Missing character: There is no e in font nullfont!
Missing character: There is no r in font nullfont!
Missing character: There is no y in font nullfont!
Missing character: There is no t in font nullfont!
Missing character: There is no h in font nullfont!
Missing character: There is no i in font nullfont!
Missing character: There is no c in font nullfont!
Missing character: There is no k in font nullfont!
Missing character: There is no , in font nullfont!
Missing character: There is no r in font nullfont!
Missing character: There is no o in font nullfont!
Missing character: There is no t in font nullfont!
Missing character: There is no a in font nullfont!
Missing character: There is no t in font nullfont!
Missing character: There is no e in font nullfont!
Missing character: There is no a in font nullfont!
Missing character: There is no r in font nullfont!
Missing character: There is no o in font nullfont!
Missing character: There is no u in font nullfont!
Missing character: There is no n in font nullfont!
Missing character: There is no d in font nullfont!
Missing character: There is no = in font nullfont!
Missing character: There is no - in font nullfont!
Missing character: There is no 2 in font nullfont!
Missing character: There is no 0 in font nullfont!
Missing character: There is no : in font nullfont!
Missing character: There is no ( in font nullfont!
Missing character: There is no 2 in font nullfont!
Missing character: There is no 4 in font nullfont!
Missing character: There is no , in font nullfont!
Missing character: There is no 2 in font nullfont!
Missing character: There is no 7 in font nullfont!
Missing character: There is no . in font nullfont!
Missing character: There is no 7 in font nullfont!
Missing character: There is no ) in font nullfont!
Missing character: There is no ] in font nullfont!
Missing character: There is no ( in font nullfont!
Missing character: There is no 2 in font nullfont!
Missing character: There is no 4 in font nullfont!
Missing character: There is no , in font nullfont!
Missing character: There is no 2 in font nullfont!
Missing character: There is no 7 in font nullfont!
Missing character: There is no ) in font nullfont!
Missing character: There is no e in font nullfont!
Missing character: There is no l in font nullfont!
Missing character: There is no l in font nullfont!
Missing character: There is no i in font nullfont!
Missing character: There is no p in font nullfont!
Missing character: There is no s in font nullfont!
Missing character: There is no e in font nullfont!
Missing character: There is no ( in font nullfont!
Missing character: There is no 7 in font nullfont!
Missing character: There is no a in font nullfont!
Missing character: There is no n in font nullfont!
Missing character: There is no d in font nullfont!
Missing character: There is no 6 in font nullfont!
Missing character: There is no ) in font nullfont!
Missing character: There is no ; in font nullfont!
Missing character: There is no [ in font nullfont!
Missing character: There is no v in font nullfont!
Missing character: There is no e in font nullfont!
Missing character: There is no r in font nullfont!
Missing character: There is no y in font nullfont!
Missing character: There is no t in font nullfont!
Missing character: There is no h in font nullfont!
Missing character: There is no i in font nullfont!
Missing character: There is no c in font nullfont!
Missing character: There is no k in font nullfont!
Missing character: There is no , in font nullfont!
Missing character: There is no r in font nullfont!
Missing character: There is no o in font nullfont!
Missing character: There is no t in font nullfont!
Missing character: There is no a in font nullfont!
Missing character: There is no t in font nullfont!
Missing character: There is no e in font nullfont!
Missing character: There is no a in font nullfont!
Missing character: There is no r in font nullfont!
Missing character: There is no o in font nullfont!
Missing character: There is no u in font nullfont!
Missing character: There is no n in font nullfont!
Missing character: There is no d in font nullfont!
Missing character: There is no = in font nullfont!
Missing character: There is no - in font nullfont!
Missing character: There is no 2 in font nullfont!
Missing character: There is no 0 in font nullfont!
Missing character: There is no : in font nullfont!
Missing character: There is no ( in font nullfont!
Missing character: There is no 2 in font nullfont!
Missing character: There is no 2 in font nullfont!
Missing character: There is no . in font nullfont!
Missing character: There is no 8 in font nullfont!
Missing character: There is no , in font nullfont!
Missing character: There is no 2 in font nullfont!
Missing character: There is no 6 in font nullfont!
Missing character: There is no ) in font nullfont!
Missing character: There is no ] in font nullfont!
Missing character: There is no ( in font nullfont!
Missing character: There is no 2 in font nullfont!
Missing character: There is no 2 in font nullfont!
Missing character: There is no . in font nullfont!
Missing character: There is no 8 in font nullfont!
Missing character: There is no , in font nullfont!
Missing character: There is no 2 in font nullfont!
Missing character: There is no 6 in font nullfont!
Missing character: There is no ) in font nullfont!
Missing character: There is no e in font nullfont!
Missing character: There is no l in font nullfont!
Missing character: There is no l in font nullfont!
Missing character: There is no i in font nullfont!
Missing character: There is no p in font nullfont!
Missing character: There is no s in font nullfont!
Missing character: There is no e in font nullfont!
Missing character: There is no ( in font nullfont!
Missing character: There is no 5 in font nullfont!
Missing character: There is no a in font nullfont!
Missing character: There is no n in font nullfont!
Missing character: There is no d in font nullfont!
Missing character: There is no 4 in font nullfont!
Missing character: There is no ) in font nullfont!
Missing character: There is no ; in font nullfont!

Overfull \hbox (3.8639pt too wide) in paragraph at lines 733--733
 [][] 
 []

[54

]
Missing character: There is no [ in font nullfont!
Missing character: There is no v in font nullfont!
Missing character: There is no e in font nullfont!
Missing character: There is no r in font nullfont!
Missing character: There is no y in font nullfont!
Missing character: There is no t in font nullfont!
Missing character: There is no h in font nullfont!
Missing character: There is no i in font nullfont!
Missing character: There is no c in font nullfont!
Missing character: There is no k in font nullfont!
Missing character: There is no , in font nullfont!
Missing character: There is no r in font nullfont!
Missing character: There is no o in font nullfont!
Missing character: There is no t in font nullfont!
Missing character: There is no a in font nullfont!
Missing character: There is no t in font nullfont!
Missing character: There is no e in font nullfont!
Missing character: There is no a in font nullfont!
Missing character: There is no r in font nullfont!
Missing character: There is no o in font nullfont!
Missing character: There is no u in font nullfont!
Missing character: There is no n in font nullfont!
Missing character: There is no d in font nullfont!
Missing character: There is no = in font nullfont!
Missing character: There is no 3 in font nullfont!
Missing character: There is no 0 in font nullfont!
Missing character: There is no : in font nullfont!
Missing character: There is no ( in font nullfont!
Missing character: There is no 4 in font nullfont!
Missing character: There is no 0 in font nullfont!
Missing character: There is no , in font nullfont!
Missing character: There is no 3 in font nullfont!
Missing character: There is no 7 in font nullfont!
Missing character: There is no ) in font nullfont!
Missing character: There is no ] in font nullfont!
Missing character: There is no ( in font nullfont!
Missing character: There is no 4 in font nullfont!
Missing character: There is no 0 in font nullfont!
Missing character: There is no , in font nullfont!
Missing character: There is no 3 in font nullfont!
Missing character: There is no 7 in font nullfont!
Missing character: There is no ) in font nullfont!
Missing character: There is no e in font nullfont!
Missing character: There is no l in font nullfont!
Missing character: There is no l in font nullfont!
Missing character: There is no i in font nullfont!
Missing character: There is no p in font nullfont!
Missing character: There is no s in font nullfont!
Missing character: There is no e in font nullfont!
Missing character: There is no ( in font nullfont!
Missing character: There is no 5 in font nullfont!
Missing character: There is no a in font nullfont!
Missing character: There is no n in font nullfont!
Missing character: There is no d in font nullfont!
Missing character: There is no 3 in font nullfont!
Missing character: There is no ) in font nullfont!
Missing character: There is no ; in font nullfont!
Missing character: There is no [ in font nullfont!
Missing character: There is no v in font nullfont!
Missing character: There is no e in font nullfont!
Missing character: There is no r in font nullfont!
Missing character: There is no y in font nullfont!
Missing character: There is no t in font nullfont!
Missing character: There is no h in font nullfont!
Missing character: There is no i in font nullfont!
Missing character: There is no c in font nullfont!
Missing character: There is no k in font nullfont!
Missing character: There is no , in font nullfont!
Missing character: There is no r in font nullfont!
Missing character: There is no o in font nullfont!
Missing character: There is no t in font nullfont!
Missing character: There is no a in font nullfont!
Missing character: There is no t in font nullfont!
Missing character: There is no e in font nullfont!
Missing character: There is no a in font nullfont!
Missing character: There is no r in font nullfont!
Missing character: There is no o in font nullfont!
Missing character: There is no u in font nullfont!
Missing character: There is no n in font nullfont!
Missing character: There is no d in font nullfont!
Missing character: There is no = in font nullfont!
Missing character: There is no - in font nullfont!
Missing character: There is no 2 in font nullfont!
Missing character: There is no 0 in font nullfont!
Missing character: There is no : in font nullfont!
Missing character: There is no ( in font nullfont!
Missing character: There is no 2 in font nullfont!
Missing character: There is no 4 in font nullfont!
Missing character: There is no , in font nullfont!
Missing character: There is no 2 in font nullfont!
Missing character: There is no 7 in font nullfont!
Missing character: There is no . in font nullfont!
Missing character: There is no 7 in font nullfont!
Missing character: There is no ) in font nullfont!
Missing character: There is no ] in font nullfont!
Missing character: There is no ( in font nullfont!
Missing character: There is no 2 in font nullfont!
Missing character: There is no 4 in font nullfont!
Missing character: There is no , in font nullfont!
Missing character: There is no 2 in font nullfont!
Missing character: There is no 7 in font nullfont!
Missing character: There is no ) in font nullfont!
Missing character: There is no e in font nullfont!
Missing character: There is no l in font nullfont!
Missing character: There is no l in font nullfont!
Missing character: There is no i in font nullfont!
Missing character: There is no p in font nullfont!
Missing character: There is no s in font nullfont!
Missing character: There is no e in font nullfont!
Missing character: There is no ( in font nullfont!
Missing character: There is no 7 in font nullfont!
Missing character: There is no a in font nullfont!
Missing character: There is no n in font nullfont!
Missing character: There is no d in font nullfont!
Missing character: There is no 6 in font nullfont!
Missing character: There is no ) in font nullfont!
Missing character: There is no ; in font nullfont!
Missing character: There is no [ in font nullfont!
Missing character: There is no v in font nullfont!
Missing character: There is no e in font nullfont!
Missing character: There is no r in font nullfont!
Missing character: There is no y in font nullfont!
Missing character: There is no t in font nullfont!
Missing character: There is no h in font nullfont!
Missing character: There is no i in font nullfont!
Missing character: There is no c in font nullfont!
Missing character: There is no k in font nullfont!
Missing character: There is no , in font nullfont!
Missing character: There is no r in font nullfont!
Missing character: There is no o in font nullfont!
Missing character: There is no t in font nullfont!
Missing character: There is no a in font nullfont!
Missing character: There is no t in font nullfont!
Missing character: There is no e in font nullfont!
Missing character: There is no a in font nullfont!
Missing character: There is no r in font nullfont!
Missing character: There is no o in font nullfont!
Missing character: There is no u in font nullfont!
Missing character: There is no n in font nullfont!
Missing character: There is no d in font nullfont!
Missing character: There is no = in font nullfont!
Missing character: There is no - in font nullfont!
Missing character: There is no 2 in font nullfont!
Missing character: There is no 0 in font nullfont!
Missing character: There is no : in font nullfont!
Missing character: There is no ( in font nullfont!
Missing character: There is no 2 in font nullfont!
Missing character: There is no 2 in font nullfont!
Missing character: There is no . in font nullfont!
Missing character: There is no 8 in font nullfont!
Missing character: There is no , in font nullfont!
Missing character: There is no 2 in font nullfont!
Missing character: There is no 6 in font nullfont!
Missing character: There is no ) in font nullfont!
Missing character: There is no ] in font nullfont!
Missing character: There is no ( in font nullfont!
Missing character: There is no 2 in font nullfont!
Missing character: There is no 2 in font nullfont!
Missing character: There is no . in font nullfont!
Missing character: There is no 8 in font nullfont!
Missing character: There is no , in font nullfont!
Missing character: There is no 2 in font nullfont!
Missing character: There is no 6 in font nullfont!
Missing character: There is no ) in font nullfont!
Missing character: There is no e in font nullfont!
Missing character: There is no l in font nullfont!
Missing character: There is no l in font nullfont!
Missing character: There is no i in font nullfont!
Missing character: There is no p in font nullfont!
Missing character: There is no s in font nullfont!
Missing character: There is no e in font nullfont!
Missing character: There is no ( in font nullfont!
Missing character: There is no 5 in font nullfont!
Missing character: There is no a in font nullfont!
Missing character: There is no n in font nullfont!
Missing character: There is no d in font nullfont!
Missing character: There is no 4 in font nullfont!
Missing character: There is no ) in font nullfont!
Missing character: There is no ; in font nullfont!

Overfull \hbox (3.8639pt too wide) in paragraph at lines 733--733
 [][] 
 []

[55

]
Missing character: There is no [ in font nullfont!
Missing character: There is no v in font nullfont!
Missing character: There is no e in font nullfont!
Missing character: There is no r in font nullfont!
Missing character: There is no y in font nullfont!
Missing character: There is no t in font nullfont!
Missing character: There is no h in font nullfont!
Missing character: There is no i in font nullfont!
Missing character: There is no c in font nullfont!
Missing character: There is no k in font nullfont!
Missing character: There is no , in font nullfont!
Missing character: There is no r in font nullfont!
Missing character: There is no o in font nullfont!
Missing character: There is no t in font nullfont!
Missing character: There is no a in font nullfont!
Missing character: There is no t in font nullfont!
Missing character: There is no e in font nullfont!
Missing character: There is no a in font nullfont!
Missing character: There is no r in font nullfont!
Missing character: There is no o in font nullfont!
Missing character: There is no u in font nullfont!
Missing character: There is no n in font nullfont!
Missing character: There is no d in font nullfont!
Missing character: There is no = in font nullfont!
Missing character: There is no 3 in font nullfont!
Missing character: There is no 0 in font nullfont!
Missing character: There is no : in font nullfont!
Missing character: There is no ( in font nullfont!
Missing character: There is no 4 in font nullfont!
Missing character: There is no 0 in font nullfont!
Missing character: There is no , in font nullfont!
Missing character: There is no 3 in font nullfont!
Missing character: There is no 7 in font nullfont!
Missing character: There is no ) in font nullfont!
Missing character: There is no ] in font nullfont!
Missing character: There is no ( in font nullfont!
Missing character: There is no 4 in font nullfont!
Missing character: There is no 0 in font nullfont!
Missing character: There is no , in font nullfont!
Missing character: There is no 3 in font nullfont!
Missing character: There is no 7 in font nullfont!
Missing character: There is no ) in font nullfont!
Missing character: There is no e in font nullfont!
Missing character: There is no l in font nullfont!
Missing character: There is no l in font nullfont!
Missing character: There is no i in font nullfont!
Missing character: There is no p in font nullfont!
Missing character: There is no s in font nullfont!
Missing character: There is no e in font nullfont!
Missing character: There is no ( in font nullfont!
Missing character: There is no 5 in font nullfont!
Missing character: There is no a in font nullfont!
Missing character: There is no n in font nullfont!
Missing character: There is no d in font nullfont!
Missing character: There is no 3 in font nullfont!
Missing character: There is no ) in font nullfont!
Missing character: There is no ; in font nullfont!
Missing character: There is no [ in font nullfont!
Missing character: There is no v in font nullfont!
Missing character: There is no e in font nullfont!
Missing character: There is no r in font nullfont!
Missing character: There is no y in font nullfont!
Missing character: There is no t in font nullfont!
Missing character: There is no h in font nullfont!
Missing character: There is no i in font nullfont!
Missing character: There is no c in font nullfont!
Missing character: There is no k in font nullfont!
Missing character: There is no , in font nullfont!
Missing character: There is no r in font nullfont!
Missing character: There is no o in font nullfont!
Missing character: There is no t in font nullfont!
Missing character: There is no a in font nullfont!
Missing character: There is no t in font nullfont!
Missing character: There is no e in font nullfont!
Missing character: There is no a in font nullfont!
Missing character: There is no r in font nullfont!
Missing character: There is no o in font nullfont!
Missing character: There is no u in font nullfont!
Missing character: There is no n in font nullfont!
Missing character: There is no d in font nullfont!
Missing character: There is no = in font nullfont!
Missing character: There is no - in font nullfont!
Missing character: There is no 2 in font nullfont!
Missing character: There is no 0 in font nullfont!
Missing character: There is no : in font nullfont!
Missing character: There is no ( in font nullfont!
Missing character: There is no 2 in font nullfont!
Missing character: There is no 2 in font nullfont!
Missing character: There is no . in font nullfont!
Missing character: There is no 8 in font nullfont!
Missing character: There is no , in font nullfont!
Missing character: There is no 2 in font nullfont!
Missing character: There is no 6 in font nullfont!
Missing character: There is no ) in font nullfont!
Missing character: There is no ] in font nullfont!
Missing character: There is no ( in font nullfont!
Missing character: There is no 2 in font nullfont!
Missing character: There is no 2 in font nullfont!
Missing character: There is no . in font nullfont!
Missing character: There is no 8 in font nullfont!
Missing character: There is no , in font nullfont!
Missing character: There is no 2 in font nullfont!
Missing character: There is no 6 in font nullfont!
Missing character: There is no ) in font nullfont!
Missing character: There is no e in font nullfont!
Missing character: There is no l in font nullfont!
Missing character: There is no l in font nullfont!
Missing character: There is no i in font nullfont!
Missing character: There is no p in font nullfont!
Missing character: There is no s in font nullfont!
Missing character: There is no e in font nullfont!
Missing character: There is no ( in font nullfont!
Missing character: There is no 5 in font nullfont!
Missing character: There is no a in font nullfont!
Missing character: There is no n in font nullfont!
Missing character: There is no d in font nullfont!
Missing character: There is no 4 in font nullfont!
Missing character: There is no ) in font nullfont!
Missing character: There is no ; in font nullfont!

Overfull \hbox (3.8639pt too wide) in paragraph at lines 733--733
 [][] 
 []

[56

]
Missing character: There is no [ in font nullfont!
Missing character: There is no v in font nullfont!
Missing character: There is no e in font nullfont!
Missing character: There is no r in font nullfont!
Missing character: There is no y in font nullfont!
Missing character: There is no t in font nullfont!
Missing character: There is no h in font nullfont!
Missing character: There is no i in font nullfont!
Missing character: There is no c in font nullfont!
Missing character: There is no k in font nullfont!
Missing character: There is no , in font nullfont!
Missing character: There is no r in font nullfont!
Missing character: There is no o in font nullfont!
Missing character: There is no t in font nullfont!
Missing character: There is no a in font nullfont!
Missing character: There is no t in font nullfont!
Missing character: There is no e in font nullfont!
Missing character: There is no a in font nullfont!
Missing character: There is no r in font nullfont!
Missing character: There is no o in font nullfont!
Missing character: There is no u in font nullfont!
Missing character: There is no n in font nullfont!
Missing character: There is no d in font nullfont!
Missing character: There is no = in font nullfont!
Missing character: There is no 3 in font nullfont!
Missing character: There is no 0 in font nullfont!
Missing character: There is no : in font nullfont!
Missing character: There is no ( in font nullfont!
Missing character: There is no 4 in font nullfont!
Missing character: There is no 0 in font nullfont!
Missing character: There is no , in font nullfont!
Missing character: There is no 3 in font nullfont!
Missing character: There is no 7 in font nullfont!
Missing character: There is no ) in font nullfont!
Missing character: There is no ] in font nullfont!
Missing character: There is no ( in font nullfont!
Missing character: There is no 4 in font nullfont!
Missing character: There is no 0 in font nullfont!
Missing character: There is no , in font nullfont!
Missing character: There is no 3 in font nullfont!
Missing character: There is no 7 in font nullfont!
Missing character: There is no ) in font nullfont!
Missing character: There is no e in font nullfont!
Missing character: There is no l in font nullfont!
Missing character: There is no l in font nullfont!
Missing character: There is no i in font nullfont!
Missing character: There is no p in font nullfont!
Missing character: There is no s in font nullfont!
Missing character: There is no e in font nullfont!
Missing character: There is no ( in font nullfont!
Missing character: There is no 5 in font nullfont!
Missing character: There is no a in font nullfont!
Missing character: There is no n in font nullfont!
Missing character: There is no d in font nullfont!
Missing character: There is no 3 in font nullfont!
Missing character: There is no ) in font nullfont!
Missing character: There is no ; in font nullfont!
Missing character: There is no [ in font nullfont!
Missing character: There is no v in font nullfont!
Missing character: There is no e in font nullfont!
Missing character: There is no r in font nullfont!
Missing character: There is no y in font nullfont!
Missing character: There is no t in font nullfont!
Missing character: There is no h in font nullfont!
Missing character: There is no i in font nullfont!
Missing character: There is no c in font nullfont!
Missing character: There is no k in font nullfont!
Missing character: There is no , in font nullfont!
Missing character: There is no r in font nullfont!
Missing character: There is no o in font nullfont!
Missing character: There is no t in font nullfont!
Missing character: There is no a in font nullfont!
Missing character: There is no t in font nullfont!
Missing character: There is no e in font nullfont!
Missing character: There is no a in font nullfont!
Missing character: There is no r in font nullfont!
Missing character: There is no o in font nullfont!
Missing character: There is no u in font nullfont!
Missing character: There is no n in font nullfont!
Missing character: There is no d in font nullfont!
Missing character: There is no = in font nullfont!
Missing character: There is no - in font nullfont!
Missing character: There is no 2 in font nullfont!
Missing character: There is no 0 in font nullfont!
Missing character: There is no : in font nullfont!
Missing character: There is no ( in font nullfont!
Missing character: There is no 2 in font nullfont!
Missing character: There is no 2 in font nullfont!
Missing character: There is no . in font nullfont!
Missing character: There is no 8 in font nullfont!
Missing character: There is no , in font nullfont!
Missing character: There is no 2 in font nullfont!
Missing character: There is no 6 in font nullfont!
Missing character: There is no ) in font nullfont!
Missing character: There is no ] in font nullfont!
Missing character: There is no ( in font nullfont!
Missing character: There is no 2 in font nullfont!
Missing character: There is no 2 in font nullfont!
Missing character: There is no . in font nullfont!
Missing character: There is no 8 in font nullfont!
Missing character: There is no , in font nullfont!
Missing character: There is no 2 in font nullfont!
Missing character: There is no 6 in font nullfont!
Missing character: There is no ) in font nullfont!
Missing character: There is no e in font nullfont!
Missing character: There is no l in font nullfont!
Missing character: There is no l in font nullfont!
Missing character: There is no i in font nullfont!
Missing character: There is no p in font nullfont!
Missing character: There is no s in font nullfont!
Missing character: There is no e in font nullfont!
Missing character: There is no ( in font nullfont!
Missing character: There is no 5 in font nullfont!
Missing character: There is no a in font nullfont!
Missing character: There is no n in font nullfont!
Missing character: There is no d in font nullfont!
Missing character: There is no 4 in font nullfont!
Missing character: There is no ) in font nullfont!
Missing character: There is no ; in font nullfont!

Overfull \hbox (3.8639pt too wide) in paragraph at lines 733--733
 [][] 
 []

[57

]
Missing character: There is no [ in font nullfont!
Missing character: There is no v in font nullfont!
Missing character: There is no e in font nullfont!
Missing character: There is no r in font nullfont!
Missing character: There is no y in font nullfont!
Missing character: There is no t in font nullfont!
Missing character: There is no h in font nullfont!
Missing character: There is no i in font nullfont!
Missing character: There is no c in font nullfont!
Missing character: There is no k in font nullfont!
Missing character: There is no , in font nullfont!
Missing character: There is no r in font nullfont!
Missing character: There is no o in font nullfont!
Missing character: There is no t in font nullfont!
Missing character: There is no a in font nullfont!
Missing character: There is no t in font nullfont!
Missing character: There is no e in font nullfont!
Missing character: There is no a in font nullfont!
Missing character: There is no r in font nullfont!
Missing character: There is no o in font nullfont!
Missing character: There is no u in font nullfont!
Missing character: There is no n in font nullfont!
Missing character: There is no d in font nullfont!
Missing character: There is no = in font nullfont!
Missing character: There is no 3 in font nullfont!
Missing character: There is no 0 in font nullfont!
Missing character: There is no : in font nullfont!
Missing character: There is no ( in font nullfont!
Missing character: There is no 4 in font nullfont!
Missing character: There is no 0 in font nullfont!
Missing character: There is no , in font nullfont!
Missing character: There is no 3 in font nullfont!
Missing character: There is no 7 in font nullfont!
Missing character: There is no ) in font nullfont!
Missing character: There is no ] in font nullfont!
Missing character: There is no ( in font nullfont!
Missing character: There is no 4 in font nullfont!
Missing character: There is no 0 in font nullfont!
Missing character: There is no , in font nullfont!
Missing character: There is no 3 in font nullfont!
Missing character: There is no 7 in font nullfont!
Missing character: There is no ) in font nullfont!
Missing character: There is no e in font nullfont!
Missing character: There is no l in font nullfont!
Missing character: There is no l in font nullfont!
Missing character: There is no i in font nullfont!
Missing character: There is no p in font nullfont!
Missing character: There is no s in font nullfont!
Missing character: There is no e in font nullfont!
Missing character: There is no ( in font nullfont!
Missing character: There is no 5 in font nullfont!
Missing character: There is no a in font nullfont!
Missing character: There is no n in font nullfont!
Missing character: There is no d in font nullfont!
Missing character: There is no 3 in font nullfont!
Missing character: There is no ) in font nullfont!
Missing character: There is no ; in font nullfont!
Missing character: There is no [ in font nullfont!
Missing character: There is no v in font nullfont!
Missing character: There is no e in font nullfont!
Missing character: There is no r in font nullfont!
Missing character: There is no y in font nullfont!
Missing character: There is no t in font nullfont!
Missing character: There is no h in font nullfont!
Missing character: There is no i in font nullfont!
Missing character: There is no c in font nullfont!
Missing character: There is no k in font nullfont!
Missing character: There is no , in font nullfont!
Missing character: There is no r in font nullfont!
Missing character: There is no o in font nullfont!
Missing character: There is no t in font nullfont!
Missing character: There is no a in font nullfont!
Missing character: There is no t in font nullfont!
Missing character: There is no e in font nullfont!
Missing character: There is no a in font nullfont!
Missing character: There is no r in font nullfont!
Missing character: There is no o in font nullfont!
Missing character: There is no u in font nullfont!
Missing character: There is no n in font nullfont!
Missing character: There is no d in font nullfont!
Missing character: There is no = in font nullfont!
Missing character: There is no - in font nullfont!
Missing character: There is no 2 in font nullfont!
Missing character: There is no 0 in font nullfont!
Missing character: There is no : in font nullfont!
Missing character: There is no ( in font nullfont!
Missing character: There is no 2 in font nullfont!
Missing character: There is no 2 in font nullfont!
Missing character: There is no . in font nullfont!
Missing character: There is no 8 in font nullfont!
Missing character: There is no , in font nullfont!
Missing character: There is no 2 in font nullfont!
Missing character: There is no 6 in font nullfont!
Missing character: There is no ) in font nullfont!
Missing character: There is no ] in font nullfont!
Missing character: There is no ( in font nullfont!
Missing character: There is no 2 in font nullfont!
Missing character: There is no 2 in font nullfont!
Missing character: There is no . in font nullfont!
Missing character: There is no 8 in font nullfont!
Missing character: There is no , in font nullfont!
Missing character: There is no 2 in font nullfont!
Missing character: There is no 6 in font nullfont!
Missing character: There is no ) in font nullfont!
Missing character: There is no e in font nullfont!
Missing character: There is no l in font nullfont!
Missing character: There is no l in font nullfont!
Missing character: There is no i in font nullfont!
Missing character: There is no p in font nullfont!
Missing character: There is no s in font nullfont!
Missing character: There is no e in font nullfont!
Missing character: There is no ( in font nullfont!
Missing character: There is no 5 in font nullfont!
Missing character: There is no a in font nullfont!
Missing character: There is no n in font nullfont!
Missing character: There is no d in font nullfont!
Missing character: There is no 4 in font nullfont!
Missing character: There is no ) in font nullfont!
Missing character: There is no ; in font nullfont!

Overfull \hbox (3.8639pt too wide) in paragraph at lines 733--733
 [][] 
 []

[58

] [59

] [60

] [61

] [62

] [63

] [64

] [65

] [66

] [67

] [68

] [69

]
Overfull \hbox (45.62091pt too wide) detected at line 1038
[]
 []

[70

] [71

] [72

] [73

]
Overfull \hbox (55.17178pt too wide) detected at line 1140
[]
 []

[74

] [75

]
Overfull \vbox (0.11646pt too high) detected at line 1220
 []

[76

] [77

] [78

]
Overfull \hbox (13.84021pt too wide) detected at line 1322
[]
 []

[79

] [80

] [81

] [82

] [83

] [84

] [85

] [86

]

LaTeX Font Warning: Font shape `OT1/cmss/bx/it' undefined
(Font)              using `OT1/cmss/bx/n' instead on input line 1483.

[87

] [88

] [89

] [90

] [91

]
\tf@nav=\write6
\openout6 = `"hierarchical clustering.nav"'.

\tf@toc=\write7
\openout7 = `"hierarchical clustering.toc"'.

\tf@snm=\write8
\openout8 = `"hierarchical clustering.snm"'.

 (hierarchical clustering.aux)
 ***********
LaTeX2e <2025-11-01>
L3 programming layer <2026-01-19>
 ***********


LaTeX Font Warning: Some font shapes were not available, defaults substituted.

Package rerunfilecheck Info: File `"hierarchical clustering".out' has not changed.
(rerunfilecheck)             Checksum: D035286CAD7DC4D48FBAE96007C1B49E;1366.
 ) 
Here is how much of TeX's memory you used:
 30544 strings out of 467867
 652024 string characters out of 5415394
 1122775 words of memory out of 5000000
 58659 multiletter control sequences out of 15000+600000
 643909 words of font info for 96 fonts, out of 8000000 for 9000
 1141 hyphenation exceptions out of 8191
 128i,15n,123p,500b,1104s stack positions out of 10000i,1000n,20000p,200000b,200000s
 <C:\Users\Mahrez Khan\AppData\Local\MiKTeX\fonts/pk/ljfour/jknappen/ec/dpi600\tcss1095.pk><C:/Users/Mahrez Khan/AppData/Local/Programs/MiKTeX/fonts/type1/public/amsfonts/cm/cmex10.pfb><C:/Users/Mahrez Khan/AppData/Local/Programs/MiKTeX/fonts/type1/public/amsfonts/cm/cmmi10.pfb><C:/Users/Mahrez Khan/AppData/Local/Programs/MiKTeX/fonts/type1/public/amsfonts/cm/cmmi7.pfb><C:/Users/Mahrez Khan/AppData/Local/Programs/MiKTeX/fonts/type1/public/amsfonts/cm/cmmi8.pfb><C:/Users/Mahrez Khan/AppData/Local/Programs/MiKTeX/fonts/type1/public/amsfonts/cm/cmss10.pfb><C:/Users/Mahrez Khan/AppData/Local/Programs/MiKTeX/fonts/type1/public/amsfonts/cm/cmss12.pfb><C:/Users/Mahrez Khan/AppData/Local/Programs/MiKTeX/fonts/type1/public/amsfonts/cm/cmss8.pfb><C:/Users/Mahrez Khan/AppData/Local/Programs/MiKTeX/fonts/type1/public/amsfonts/cm/cmss9.pfb><C:/Users/Mahrez Khan/AppData/Local/Programs/MiKTeX/fonts/type1/public/amsfonts/cm/cmssbx10.pfb><C:/Users/Mahrez Khan/AppData/Local/Programs/MiKTeX/fonts/type1/public/amsfonts/cm/cmssi10.pfb><C:/Users/Mahrez Khan/AppData/Local/Programs/MiKTeX/fonts/type1/public/amsfonts/cm/cmssi12.pfb><C:/Users/Mahrez Khan/AppData/Local/Programs/MiKTeX/fonts/type1/public/amsfonts/cm/cmssi8.pfb><C:/Users/Mahrez Khan/AppData/Local/Programs/MiKTeX/fonts/type1/public/amsfonts/cm/cmssi9.pfb><C:/Users/Mahrez Khan/AppData/Local/Programs/MiKTeX/fonts/type1/public/amsfonts/cm/cmsy10.pfb><C:/Users/Mahrez Khan/AppData/Local/Programs/MiKTeX/fonts/type1/public/amsfonts/cm/cmsy7.pfb><C:/Users/Mahrez Khan/AppData/Local/Programs/MiKTeX/fonts/type1/public/amsfonts/cm/cmsy8.pfb>
Output written on "hierarchical clustering.pdf" (91 pages, 3604681 bytes).
PDF statistics:
 3034 PDF objects out of 3580 (max. 8388607)
 190 named destinations out of 1000 (max. 500000)
 1550 words of extra memory for PDF output out of 10000 (max. 10000000)

